player_name,nba_team,college,draft_year,round,round_pick,overall_pick,player_name_clean,player_year_key,college_clean
Cade Cunningham,Detroit Pistons,Oklahoma State,2021,1,1,1,Cade Cunningham,Cade Cunningham_2021,Oklahoma St.
Jalen Green,Houston Rockets,Ignite (G League),2021,1,2,2,Jalen Green,Jalen Green_2021,Ignite (G League)
Evan Mobley,Cleveland Cavaliers,Southern California,2021,1,3,3,Evan Mobley,Evan Mobley_2021,Southern California
Scottie Barnes,Toronto Raptors,Florida State,2021,1,4,4,Scottie Barnes,Scottie Barnes_2021,Florida St.
Jalen Suggs,Orlando Magic,Gonzaga,2021,1,5,5,Jalen Suggs,Jalen Suggs_2021,Gonzaga
Josh Giddey,Oklahoma City Thunder,NBA Global Academy (Australia),2021,1,6,6,Josh Giddey,Josh Giddey_2021,NBA Global Academy (Australia)
Jonathan Kuminga,Golden State Warriors,Ignite (G League),2021,1,7,7,Jonathan Kuminga,Jonathan Kuminga_2021,Ignite (G League)
Franz Wagner,Orlando Magic,Michigan,2021,1,8,8,Franz Wagner,Franz Wagner_2021,Michigan
Davion Mitchell,Sacramento Kings,Baylor,2021,1,9,9,Davion Mitchell,Davion Mitchell_2021,Baylor
Ziaire Williams,New Orleans Pelicans,Stanford,2021,1,10,10,Ziaire Williams,Ziaire Williams_2021,Stanford
James Bouknight,Charlotte Hornets,Connecticut,2021,1,11,11,James Bouknight,James Bouknight_2021,Connecticut
Joshua Primo,San Antonio Spurs,Alabama,2021,1,12,12,Joshua Primo,Joshua Primo_2021,Alabama
Chris Duarte,Indiana Pacers,Oregon,2021,1,13,13,Chris Duarte,Chris Duarte_2021,Oregon
Moses Moody,Golden State Warriors,Arkansas,2021,1,14,14,Moses Moody,Moses Moody_2021,Arkansas
Corey Kispert,Washington Wizards,Gonzaga,2021,1,15,15,Corey Kispert,Corey Kispert_2021,Gonzaga
Alperen Sengun,Oklahoma City Thunder,Besiktas (Turkey),2021,1,16,16,Alperen Sengun,Alperen Sengun_2021,Besiktas (Turkey)
Trey Murphy III,Memphis Grizzlies,Virginia,2021,1,17,17,Trey Murphy Iii,Trey Murphy Iii_2021,Virginia
Tre Mann,Oklahoma City Thunder,Florida,2021,1,18,18,Tre Mann,Tre Mann_2021,Florida
Kai Jones,New York Knicks,Texas,2021,1,19,19,Kai Jones,Kai Jones_2021,Texas
Jalen Johnson,Atlanta Hawks,Duke,2021,1,20,20,Jalen Johnson,Jalen Johnson_2021,Duke
Keon Johnson,New York Knicks,Tennessee,2021,1,21,21,Keon Johnson,Keon Johnson_2021,Tennessee
Isaiah Jackson,Los Angeles Lakers,Kentucky,2021,1,22,22,Isaiah Jackson,Isaiah Jackson_2021,Kentucky
Usman Garuba,Houston Rockets,Madrid (ESP),2021,1,23,23,Usman Garuba,Usman Garuba_2021,Madrid (ESP)
Josh Christopher,Houston Rockets,Arizona State,2021,1,24,24,Josh Christopher,Josh Christopher_2021,Arizona St.
Quentin Grimes,LA Clippers,Houston,2021,1,25,25,Quentin Grimes,Quentin Grimes_2021,Houston
Bones Hyland,Denver Nuggets,Virginia Commonwealth,2021,1,26,26,Bones Hyland,Bones Hyland_2021,Virginia Commonwealth
Cam Thomas,Brooklyn Nets,Louisiana State,2021,1,27,27,Cam Thomas,Cam Thomas_2021,Louisiana Tech
Jaden Springer,Philadelphia 76ers,Tennessee,2021,1,28,28,Jaden Springer,Jaden Springer_2021,Tennessee
Day'Ron Sharpe,Phoenix Suns,North Carolina,2021,1,29,29,Day'Ron Sharpe,Day'Ron Sharpe_2021,North Carolina
Santi Aldama,Utah Jazz,Loyola-Maryland,2021,1,30,30,Santi Aldama,Santi Aldama_2021,Loyola Marymount
Isaiah Todd,Milwaukee Bucks,Ignite (G League),2021,2,1,31,Isaiah Todd,Isaiah Todd_2021,Ignite (G League)
Jeremiah Robinson-Earl,New York Knicks,Villanova,2021,2,2,32,Jeremiah Robinson-Earl,Jeremiah Robinson-Earl_2021,Villanova
Jason Preston,Orlando Magic,Ohio,2021,2,3,33,Jason Preston,Jason Preston_2021,Ohio
Rokas Jokubaitis,Oklahoma City Thunder,BC Zalgiris (Lithuania),2021,2,4,34,Rokas Jokubaitis,Rokas Jokubaitis_2021,BC Zalgiris (Lithuania)
Herbert Jones,New Orleans Pelicans,Alabama,2021,2,5,35,Herbert Jones,Herbert Jones_2021,Alabama
Miles McBride,Oklahoma City Thunder,West Virginia,2021,2,6,36,Miles McBride,Miles McBride_2021,West Virginia
JT Thor,Detroit Pistons,Auburn,2021,2,7,37,Jt Thor,Jt Thor_2021,Auburn
Ayo Dosunmu,Chicago Bulls,Illinois,2021,2,8,38,Ayo Dosunmu,Ayo Dosunmu_2021,Illinois
Neemias Queta,Sacramento Kings,Utah State,2021,2,9,39,Neemias Queta,Neemias Queta_2021,Utah St.
Jared Butler,Sacramento Kings,Baylor,2021,2,10,40,Jared Butler,Jared Butler_2021,Baylor
Joe Wieskamp,San Antonio Spurs,Iowa,2021,2,11,41,Joe Wieskamp,Joe Wieskamp_2021,Iowa
Isaiah Livers,Detroit Pistons,Michigan,2021,2,12,42,Isaiah Livers,Isaiah Livers_2021,Michigan
Greg Brown III,New Orleans Pelicans,Texas,2021,2,13,43,Greg Brown Iii,Greg Brown Iii_2021,Texas
Kessler Edwards,Brooklyn Nets,Pepperdine,2021,2,14,44,Kessler Edwards,Kessler Edwards_2021,Pepperdine
Juhann Begarin,Boston Celtics,Paris (France),2021,2,15,45,Juhann Begarin,Juhann Begarin_2021,Paris (France)
Dalano Banton,Toronto Raptors,Nebraska,2021,2,16,46,Dalano Banton,Dalano Banton_2021,Nebraska
David Johnson,Toronto Raptors,Louisville,2021,2,17,47,David Johnson,David Johnson_2021,Louisville
Sharife Cooper,Atlanta Hawks,Auburn,2021,2,18,48,Sharife Cooper,Sharife Cooper_2021,Auburn
Marcus Zegarowski,Brooklyn Nets,Creighton,2021,2,19,49,Marcus Zegarowski,Marcus Zegarowski_2021,Creighton
Filip Petrusev,Philadelphia 76ers,KK Mega Leks (Serbia),2021,2,20,50,Filip Petrusev,Filip Petrusev_2021,KK Mega Leks (Serbia)
Brandon Boston Jr.,Memphis Grizzlies,Kentucky,2021,2,21,51,Brandon Boston Jr,Brandon Boston Jr_2021,Kentucky
Luka Garza,Detroit Pistons,Iowa,2021,2,22,52,Luka Garza,Luka Garza_2021,Iowa
Charles Bassey,Philadelphia 76ers,Western Kentucky,2021,2,23,53,Charles Bassey,Charles Bassey_2021,Western Kentucky
Sandro Mamukelashvili,Indiana Pacers,Seton Hall,2021,2,24,54,Sandro Mamukelashvili,Sandro Mamukelashvili_2021,Seton Hall
Aaron Wiggins,Oklahoma City Thunder,Maryland,2021,2,25,55,Aaron Wiggins,Aaron Wiggins_2021,Maryland
Scottie Lewis,Charlotte Hornets,Florida,2021,2,26,56,Scottie Lewis,Scottie Lewis_2021,Florida
Balsa Koprivica,Charlotte Hornets,Florida State,2021,2,27,57,Balsa Koprivica,Balsa Koprivica_2021,Florida St.
Jericho Sims,New York Knicks,Texas,2021,2,28,58,Jericho Sims,Jericho Sims_2021,Texas
RaiQuan Gray,Brooklyn Nets,Florida State,2021,2,29,59,Raiquan Gray,Raiquan Gray_2021,Florida St.
Georgios Kalaitzakis,Indiana Pacers,BC Nevezis (Greece),2021,2,30,60,Georgios Kalaitzakis,Georgios Kalaitzakis_2021,BC Nevezis (Greece)
Anthony Edwards,Minnesota Timberwolves,Georgia,2020,1,1,1,Anthony Edwards,Anthony Edwards_2020,Georgia
James Wiseman,Golden State Warriors,Memphis,2020,1,2,2,James Wiseman,James Wiseman_2020,Memphis
LaMelo Ball,Charlotte Hornets,Illawarra (Australia),2020,1,3,3,Lamelo Ball,Lamelo Ball_2020,Illawarra (Australia)
Patrick Williams,Chicago Bulls,Florida State,2020,1,4,4,Patrick Williams,Patrick Williams_2020,Florida St.
Isaac Okoro,Cleveland Cavaliers,Auburn,2020,1,5,5,Isaac Okoro,Isaac Okoro_2020,Auburn
Onyeka Okongwu,Atlanta Hawks,Southern California,2020,1,6,6,Onyeka Okongwu,Onyeka Okongwu_2020,Southern California
Killian Hayes,Detroit Pistons,Ratiopharm Ulm (Germany),2020,1,7,7,Killian Hayes,Killian Hayes_2020,Ratiopharm Ulm (Germany)
Obi Toppin,New York Knicks,Dayton,2020,1,8,8,Obi Toppin,Obi Toppin_2020,Dayton
Deni Avdija,Washington Wizards,Maccabi Tel Aviv B.C. (Israel),2020,1,9,9,Deni Avdija,Deni Avdija_2020,Maccabi Tel Aviv B.C. (Israel)
Jalen Smith,Phoenix Suns,Maryland,2020,1,10,10,Jalen Smith,Jalen Smith_2020,Maryland
Devin Vassell,San Antonio Spurs,Florida State,2020,1,11,11,Devin Vassell,Devin Vassell_2020,Florida St.
Tyrese Haliburton,Sacramento Kings,Iowa State,2020,1,12,12,Tyrese Haliburton,Tyrese Haliburton_2020,Iowa St.
Kira Lewis Jr.,New Orleans Pelicans,Alabama,2020,1,13,13,Kira Lewis Jr,Kira Lewis Jr_2020,Alabama
Aaron Nesmith,Boston Celtics,Vanderbilt,2020,1,14,14,Aaron Nesmith,Aaron Nesmith_2020,Vanderbilt
Cole Anthony,Orlando Magic,North Carolina,2020,1,15,15,Cole Anthony,Cole Anthony_2020,North Carolina
Isaiah Stewart,Portland Trail Blazers,Washington,2020,1,16,16,Isaiah Stewart,Isaiah Stewart_2020,Washington
Aleksej Pokusevski,Minnesota Timberwolves,Olympiacos B.C. (Greece),2020,1,17,17,Aleksej Pokusevski,Aleksej Pokusevski_2020,Olympiacos B.C. (Greece)
Josh Green,Dallas Mavericks,Arizona,2020,1,18,18,Josh Green,Josh Green_2020,Arizona
Saddiq Bey,Brooklyn Nets,Villanova,2020,1,19,19,Saddiq Bey,Saddiq Bey_2020,Villanova
Precious Achiuwa,Miami Heat,Memphis,2020,1,20,20,Precious Achiuwa,Precious Achiuwa_2020,Memphis
Tyrese Maxey,Philadelphia 76ers,Kentucky,2020,1,21,21,Tyrese Maxey,Tyrese Maxey_2020,Kentucky
Zeke Nnaji,Denver Nuggets,Arizona,2020,1,22,22,Zeke Nnaji,Zeke Nnaji_2020,Arizona
Leandro Bolmaro,New York Knicks,FC Barcelona Basquet (Spain),2020,1,23,23,Leandro Bolmaro,Leandro Bolmaro_2020,FC Barcelona Basquet (Spain)
R.J. Hampton,Milwaukee Bucks,Breakers (New Zealand),2020,1,24,24,Rj Hampton,Rj Hampton_2020,Breakers (New Zealand)
Immanuel Quickley,Oklahoma City Thunder,Kentucky,2020,1,25,25,Immanuel Quickley,Immanuel Quickley_2020,Kentucky
Payton Pritchard,Boston Celtics,Oregon,2020,1,26,26,Payton Pritchard,Payton Pritchard_2020,Oregon
Udoka Azubuike,Utah Jazz,Kansas,2020,1,27,27,Udoka Azubuike,Udoka Azubuike_2020,Kansas
Jaden McDaniels,Los Angeles Lakers,Washington,2020,1,28,28,Jaden McDaniels,Jaden McDaniels_2020,Washington
Malachi Flynn,Toronto Raptors,San Diego State,2020,1,29,29,Malachi Flynn,Malachi Flynn_2020,San Diego St.
Desmond Bane,Boston Celtics,Texas Christian,2020,1,30,30,Desmond Bane,Desmond Bane_2020,Texas Christian
Tyrell Terry,Dallas Mavericks,Stanford,2020,2,1,31,Tyrell Terry,Tyrell Terry_2020,Stanford
Vernon Carey Jr.,Charlotte Hornets,Duke,2020,2,2,32,Vernon Carey Jr,Vernon Carey Jr_2020,Duke
Daniel Oturu,Minnesota Timberwolves,Minnesota,2020,2,3,33,Daniel Oturu,Daniel Oturu_2020,Minnesota
Theo Maledon,Philadelphia 76ers,ASVEL Basket (France),2020,2,4,34,Theo Maledon,Theo Maledon_2020,ASVEL Basket (France)
Xavier Tillman Sr.,Sacramento Kings,Michigan State,2020,2,5,35,Xavier Tillman Sr,Xavier Tillman Sr_2020,Michigan St.
Tyler Bey,Philadelphia 76ers,Colorado,2020,2,6,36,Tyler Bey,Tyler Bey_2020,Colorado
Vit Krejci,Washington Wizards,Basket Zaragoza 2002 (Spain),2020,2,7,37,Vit Krejci,Vit Krejci_2020,Basket Zaragoza 2002 (Spain)
Saben Lee,Utah Jazz,Vanderbilt,2020,2,8,38,Saben Lee,Saben Lee_2020,Vanderbilt
Elijah Hughes,New Orleans Pelicans,Syracuse,2020,2,9,39,Elijah Hughes,Elijah Hughes_2020,Syracuse
Robert Woodard II,Memphis Grizzlies,Mississippi State,2020,2,10,40,Robert Woodard Ii,Robert Woodard Ii_2020,Mississippi St.
Tre Jones,San Antonio Spurs,Duke,2020,2,11,41,Tre Jones,Tre Jones_2020,Duke
Nick Richards,New Orleans Pelicans,Kentucky,2020,2,12,42,Nick Richards,Nick Richards_2020,Kentucky
Jahmi'us Ramsey,Sacramento Kings,Texas Tech,2020,2,13,43,Jahmi'Us Ramsey,Jahmi'Us Ramsey_2020,Texas Tech
Marko Simonovic,Chicago Bulls,KK Mega Leks (Serbia),2020,2,14,44,Marko Simonovic,Marko Simonovic_2020,KK Mega Leks (Serbia)
Jordan Nwora,Milwaukee Bucks,Louisville,2020,2,15,45,Jordan Nwora,Jordan Nwora_2020,Louisville
CJ Elleby,Portland Trail Blazers,Washington State,2020,2,16,46,Cj Elleby,Cj Elleby_2020,Washington St.
Yam Madar,Boston Celtics,Hapoel Galil Elyon (Israel),2020,2,17,47,Yam Madar,Yam Madar_2020,Hapoel Galil Elyon (Israel)
Nico Mannion,Golden State Warriors,Arizona,2020,2,18,48,Nico Mannion,Nico Mannion_2020,Arizona
Isaiah Joe,Philadelphia 76ers,Arkansas,2020,2,19,49,Isaiah Joe,Isaiah Joe_2020,Arkansas
Skylar Mays,Atlanta Hawks,Louisiana State,2020,2,20,50,Skylar Mays,Skylar Mays_2020,Louisiana Tech
Justinian Jessup,Golden State Warriors,Boise State,2020,2,21,51,Justinian Jessup,Justinian Jessup_2020,Boise St.
Kenyon Martin Jr.,Sacramento Kings,IMG Academy,2020,2,22,52,Kenyon Martin Jr,Kenyon Martin Jr_2020,IMG Academy
Cassius Winston,Oklahoma City Thunder,Michigan State,2020,2,23,53,Cassius Winston,Cassius Winston_2020,Michigan St.
Cassius Stanley,Indiana Pacers,Duke,2020,2,24,54,Cassius Stanley,Cassius Stanley_2020,Duke
Jay Scrubb,Brooklyn Nets,John A. Logan,2020,2,25,55,Jay Scrubb,Jay Scrubb_2020,John A. Logan
Grant Riller,Charlotte Hornets,College of Charleston,2020,2,26,56,Grant Riller,Grant Riller_2020,College of Charleston
Reggie Perry,LA Clippers,Mississippi State,2020,2,27,57,Reggie Perry,Reggie Perry_2020,Mississippi St.
Paul Reed,Philadelphia 76ers,DePaul,2020,2,28,58,Paul Reed,Paul Reed_2020,DePaul
Jalen Harris,Toronto Raptors,Nevada-Reno,2020,2,29,59,Jalen Harris,Jalen Harris_2020,Nevada-Reno
Sam Merrill,New Orleans Pelicans,Utah State,2020,2,30,60,Sam Merrill,Sam Merrill_2020,Utah St.
Zion Williamson,New Orleans Pelicans,Duke,2019,1,1,1,Zion Williamson,Zion Williamson_2019,Duke
Ja Morant,Memphis Grizzlies,Murray State,2019,1,2,2,Ja Morant,Ja Morant_2019,Murray St.
RJ Barrett,New York Knicks,Duke,2019,1,3,3,Rj Barrett,Rj Barrett_2019,Duke
De'Andre Hunter,Los Angeles Lakers,Virginia,2019,1,4,4,De'Andre Hunter,De'Andre Hunter_2019,Virginia
Darius Garland,Cleveland Cavaliers,Vanderbilt,2019,1,5,5,Darius Garland,Darius Garland_2019,Vanderbilt
Jarrett Culver,Phoenix Suns,Texas Tech,2019,1,6,6,Jarrett Culver,Jarrett Culver_2019,Texas Tech
Coby White,Chicago Bulls,North Carolina,2019,1,7,7,Coby White,Coby White_2019,North Carolina
Jaxson Hayes,Atlanta Hawks,Texas,2019,1,8,8,Jaxson Hayes,Jaxson Hayes_2019,Texas
Rui Hachimura,Washington Wizards,Gonzaga,2019,1,9,9,Rui Hachimura,Rui Hachimura_2019,Gonzaga
Cam Reddish,Atlanta Hawks,Duke,2019,1,10,10,Cam Reddish,Cam Reddish_2019,Duke
Cameron Johnson,Minnesota Timberwolves,North Carolina,2019,1,11,11,Cameron Johnson,Cameron Johnson_2019,North Carolina
P.J. Washington,Charlotte Hornets,Kentucky,2019,1,12,12,Pj Washington,Pj Washington_2019,Kentucky
Tyler Herro,Miami Heat,Kentucky,2019,1,13,13,Tyler Herro,Tyler Herro_2019,Kentucky
Romeo Langford,Boston Celtics,Indiana,2019,1,14,14,Romeo Langford,Romeo Langford_2019,Indiana
Sekou Doumbouya,Detroit Pistons,Limoges CSP (France),2019,1,15,15,Sekou Doumbouya,Sekou Doumbouya_2019,Limoges CSP (France)
Chuma Okeke,Orlando Magic,Auburn,2019,1,16,16,Chuma Okeke,Chuma Okeke_2019,Auburn
Nickeil Alexander-Walker,Brooklyn Nets,Virginia Tech,2019,1,17,17,Nickeil Alexander-Walker,Nickeil Alexander-Walker_2019,Virginia Tech
Goga Bitadze,Indiana Pacers,KK Mega Leks (Serbia),2019,1,18,18,Goga Bitadze,Goga Bitadze_2019,KK Mega Leks (Serbia)
Luka Samanic,San Antonio Spurs,KK Olimpija (Slovenia),2019,1,19,19,Luka Samanic,Luka Samanic_2019,KK Olimpija (Slovenia)
Matisse Thybulle,Boston Celtics,Washington,2019,1,20,20,Matisse Thybulle,Matisse Thybulle_2019,Washington
Brandon Clarke,Oklahoma City Thunder,Gonzaga,2019,1,21,21,Brandon Clarke,Brandon Clarke_2019,Gonzaga
Grant Williams,Boston Celtics,Tennessee,2019,1,22,22,Grant Williams,Grant Williams_2019,Tennessee
Darius Bazley,Utah Jazz,Princeton,2019,1,23,23,Darius Bazley,Darius Bazley_2019,Princeton
Ty Jerome,Philadelphia 76ers,Virginia,2019,1,24,24,Ty Jerome,Ty Jerome_2019,Virginia
Nassir Little,Portland Trail Blazers,North Carolina,2019,1,25,25,Nassir Little,Nassir Little_2019,North Carolina
Dylan Windler,Cleveland Cavaliers,Belmont,2019,1,26,26,Dylan Windler,Dylan Windler_2019,Belmont
Mfiondu Kabengele,Brooklyn Nets,Florida State,2019,1,27,27,Mfiondu Kabengele,Mfiondu Kabengele_2019,Florida St.
Jordan Poole,Golden State Warriors,Michigan,2019,1,28,28,Jordan Poole,Jordan Poole_2019,Michigan
Keldon Johnson,San Antonio Spurs,Kentucky,2019,1,29,29,Keldon Johnson,Keldon Johnson_2019,Kentucky
Kevin Porter Jr.,Milwaukee Bucks,Southern California,2019,1,30,30,Kevin Porter Jr,Kevin Porter Jr_2019,Southern California
Nic Claxton,Brooklyn Nets,Georgia,2019,2,1,31,Nic Claxton,Nic Claxton_2019,Georgia
KZ Okpala,Phoenix Suns,Stanford,2019,2,2,32,Kz Okpala,Kz Okpala_2019,Stanford
Carsen Edwards,Philadelphia 76ers,Purdue,2019,2,3,33,Carsen Edwards,Carsen Edwards_2019,Purdue
Bruno Fernando,Philadelphia 76ers,Maryland,2019,2,4,34,Bruno Fernando,Bruno Fernando_2019,Maryland
Didi Louzada,Atlanta Hawks,Sesi Franca (Brazil),2019,2,5,35,Didi Louzada,Didi Louzada_2019,Sesi Franca (Brazil)
Cody Martin,Charlotte Hornets,North Carolina State,2019,2,6,36,Cody Martin,Cody Martin_2019,North Carolina St.
Deividas Sirvydis,Dallas Mavericks,BC Lietuvos rytas (Lithuania),2019,2,7,37,Deividas Sirvydis,Deividas Sirvydis_2019,BC Lietuvos rytas (Lithuania)
Daniel Gafford,Chicago Bulls,Arkansas,2019,2,8,38,Daniel Gafford,Daniel Gafford_2019,Arkansas
Alen Smailagic,New Orleans Pelicans,Santa Cruz (G League),2019,2,9,39,Alen Smailagic,Alen Smailagic_2019,Santa Cruz (G League)
Justin James,Sacramento Kings,Wyoming,2019,2,10,40,Justin James,Justin James_2019,Wyoming
Eric Paschall,Golden State Warriors,Villanova,2019,2,11,41,Eric Paschall,Eric Paschall_2019,Villanova
Admiral Schofield,Philadelphia 76ers,Tennessee,2019,2,12,42,Admiral Schofield,Admiral Schofield_2019,Tennessee
Jaylen Nowell,Minnesota Timberwolves,Washington,2019,2,13,43,Jaylen Nowell,Jaylen Nowell_2019,Washington
Bol Bol,Miami Heat,Oregon,2019,2,14,44,Bol Bol,Bol Bol_2019,Oregon
Isaiah Roby,Detroit Pistons,Nebraska,2019,2,15,45,Isaiah Roby,Isaiah Roby_2019,Nebraska
Talen Horton-Tucker,Orlando Magic,Iowa State,2019,2,16,46,Talen Horton-Tucker,Talen Horton-Tucker_2019,Iowa St.
Ignas Brazdeikis,Sacramento Kings,Michigan,2019,2,17,47,Ignas Brazdeikis,Ignas Brazdeikis_2019,Michigan
Terance Mann,LA Clippers,Florida State,2019,2,18,48,Terance Mann,Terance Mann_2019,Florida St.
Quinndary Weatherspoon,San Antonio Spurs,Mississippi State,2019,2,19,49,Quinndary Weatherspoon,Quinndary Weatherspoon_2019,Mississippi St.
Jarrell Brantley,Indiana Pacers,College of Charleston,2019,2,20,50,Jarrell Brantley,Jarrell Brantley_2019,College of Charleston
Tremont Waters,Boston Celtics,Louisiana State,2019,2,21,51,Tremont Waters,Tremont Waters_2019,Louisiana Tech
Jalen McDaniels,Charlotte Hornets,San Diego,2019,2,22,52,Jalen McDaniels,Jalen McDaniels_2019,San Diego
Justin Wright-Foreman,Utah Jazz,Hofstra,2019,2,23,53,Justin Wright-Foreman,Justin Wright-Foreman_2019,Hofstra
Marial Shayok,Philadelphia 76ers,Virginia,2019,2,24,54,Marial Shayok,Marial Shayok_2019,Virginia
Kyle Guy,New York Knicks,Virginia,2019,2,25,55,Kyle Guy,Kyle Guy_2019,Virginia
Jaylen Hands,LA Clippers,California-Los Angeles,2019,2,26,56,Jaylen Hands,Jaylen Hands_2019,California-Los Angeles
Jordan Bone,New Orleans Pelicans,Tennessee,2019,2,27,57,Jordan Bone,Jordan Bone_2019,Tennessee
Miye Oni,Golden State Warriors,Yale,2019,2,28,58,Miye Oni,Miye Oni_2019,Yale
Dewan Hernandez,Toronto Raptors,Miami (FL),2019,2,29,59,Dewan Hernandez,Dewan Hernandez_2019,Miami FL
Vanja Marinkovic,Sacramento Kings,KK Partizan (Serbia),2019,2,30,60,Vanja Marinkovic,Vanja Marinkovic_2019,KK Partizan (Serbia)
Deandre Ayton,Phoenix Suns,Arizona,2018,1,1,1,Deandre Ayton,Deandre Ayton_2018,Arizona
Marvin Bagley III,Sacramento Kings,Duke,2018,1,2,2,Marvin Bagley Iii,Marvin Bagley Iii_2018,Duke
Luka Doncic,Atlanta Hawks,Real Madrid Baloncesto (Spain),2018,1,3,3,Luka Doncic,Luka Doncic_2018,Real Madrid Baloncesto (Spain)
Jaren Jackson Jr.,Memphis Grizzlies,Michigan State,2018,1,4,4,Jaren Jackson Jr,Jaren Jackson Jr_2018,Michigan St.
Trae Young,Dallas Mavericks,Oklahoma,2018,1,5,5,Trae Young,Trae Young_2018,Oklahoma
Mo Bamba,Orlando Magic,Texas,2018,1,6,6,Mo Bamba,Mo Bamba_2018,Texas
Wendell Carter Jr.,Chicago Bulls,West Virginia,2018,1,7,7,Wendell Carter Jr,Wendell Carter Jr_2018,West Virginia
Collin Sexton,Cleveland Cavaliers,Alabama,2018,1,8,8,Collin Sexton,Collin Sexton_2018,Alabama
Kevin Knox II,New York Knicks,Kentucky,2018,1,9,9,Kevin Knox Ii,Kevin Knox Ii_2018,Kentucky
Mikal Bridges,Philadelphia 76ers,Villanova,2018,1,10,10,Mikal Bridges,Mikal Bridges_2018,Villanova
Shai Gilgeous-Alexander,Charlotte Hornets,Kentucky,2018,1,11,11,Shai Gilgeous-Alexander,Shai Gilgeous-Alexander_2018,Kentucky
Miles Bridges,LA Clippers,Michigan State,2018,1,12,12,Miles Bridges,Miles Bridges_2018,Michigan St.
Jerome Robinson,LA Clippers,Boston College,2018,1,13,13,Jerome Robinson,Jerome Robinson_2018,Boston College
Michael Porter Jr.,Denver Nuggets,Missouri,2018,1,14,14,Michael Porter Jr,Michael Porter Jr_2018,Missouri
Troy Brown Jr.,Washington Wizards,Oregon,2018,1,15,15,Troy Brown Jr,Troy Brown Jr_2018,Oregon
Zhaire Smith,Phoenix Suns,Texas Tech,2018,1,16,16,Zhaire Smith,Zhaire Smith_2018,Texas Tech
Donte DiVincenzo,Milwaukee Bucks,Villanova,2018,1,17,17,Donte Divincenzo,Donte Divincenzo_2018,Villanova
Lonnie Walker IV,San Antonio Spurs,Miami (FL),2018,1,18,18,Lonnie Walker Iv,Lonnie Walker Iv_2018,Miami FL
Kevin Huerter,Atlanta Hawks,Maryland,2018,1,19,19,Kevin Huerter,Kevin Huerter_2018,Maryland
Josh Okogie,Minnesota Timberwolves,Georgia Tech,2018,1,20,20,Josh Okogie,Josh Okogie_2018,Georgia Tech
Grayson Allen,Utah Jazz,Duke,2018,1,21,21,Grayson Allen,Grayson Allen_2018,Duke
Chandler Hutchison,Chicago Bulls,Boise State,2018,1,22,22,Chandler Hutchison,Chandler Hutchison_2018,Boise St.
Aaron Holiday,Indiana Pacers,California-Los Angeles,2018,1,23,23,Aaron Holiday,Aaron Holiday_2018,California-Los Angeles
Anfernee Simons,Portland Trail Blazers,IMG Academy,2018,1,24,24,Anfernee Simons,Anfernee Simons_2018,IMG Academy
Moritz Wagner,Los Angeles Lakers,Michigan,2018,1,25,25,Moritz Wagner,Moritz Wagner_2018,Michigan
Landry Shamet,Philadelphia 76ers,Wichita State,2018,1,26,26,Landry Shamet,Landry Shamet_2018,Wichita St.
Robert Williams III,Boston Celtics,Texas A&M,2018,1,27,27,Robert Williams Iii,Robert Williams Iii_2018,Texas A&M
Jacob Evans,Golden State Warriors,Cincinnati,2018,1,28,28,Jacob Evans,Jacob Evans_2018,Cincinnati
Dzanan Musa,Brooklyn Nets,KK Cedevita (Croatia),2018,1,29,29,Dzanan Musa,Dzanan Musa_2018,KK Cedevita (Croatia)
Omari Spellman,Atlanta Hawks,Villanova,2018,1,30,30,Omari Spellman,Omari Spellman_2018,Villanova
Elie Okobo,Phoenix Suns,Elan Bearnais Pau-Orthez (France),2018,2,1,31,Elie Okobo,Elie Okobo_2018,Elan Bearnais Pau-Orthez (France)
Jevon Carter,Memphis Grizzlies,West Virginia,2018,2,2,32,Jevon Carter,Jevon Carter_2018,West Virginia
Jalen Brunson,Dallas Mavericks,Villanova,2018,2,3,33,Jalen Brunson,Jalen Brunson_2018,Villanova
Devonte' Graham,Atlanta Hawks,Kansas,2018,2,4,34,Devonte' Graham,Devonte' Graham_2018,Kansas
Melvin Frazier Jr.,Orlando Magic,Tulane,2018,2,5,35,Melvin Frazier Jr,Melvin Frazier Jr_2018,Tulane
Mitchell Robinson,New York Knicks,,2018,2,6,36,Mitchell Robinson,Mitchell Robinson_2018,
Gary Trent Jr.,Sacramento Kings,Duke,2018,2,7,37,Gary Trent Jr,Gary Trent Jr_2018,Duke
Khyri Thomas,Philadelphia 76ers,Creighton,2018,2,8,38,Khyri Thomas,Khyri Thomas_2018,Creighton
Isaac Bonga,Philadelphia 76ers,Fraport Skyliners (Germany),2018,2,9,39,Isaac Bonga,Isaac Bonga_2018,Fraport Skyliners (Germany)
Rodions Kurucs,Brooklyn Nets,FC Barcelona Basquet (Spain),2018,2,10,40,Rodions Kurucs,Rodions Kurucs_2018,FC Barcelona Basquet (Spain)
Jarred Vanderbilt,Orlando Magic,Kentucky,2018,2,11,41,Jarred Vanderbilt,Jarred Vanderbilt_2018,Kentucky
Bruce Brown,Detroit Pistons,Miami (FL),2018,2,12,42,Bruce Brown,Bruce Brown_2018,Miami FL
Justin Jackson,Denver Nuggets,Maryland,2018,2,13,43,Justin Jackson,Justin Jackson_2018,Maryland
Issuf Sanon,Washington Wizards,KK Olimpija (Slovenia),2018,2,14,44,Issuf Sanon,Issuf Sanon_2018,KK Olimpija (Slovenia)
Hamidou Diallo,Brooklyn Nets,Kentucky,2018,2,15,45,Hamidou Diallo,Hamidou Diallo_2018,Kentucky
De'Anthony Melton,Houston Rockets,Southern California,2018,2,16,46,De'Anthony Melton,De'Anthony Melton_2018,Southern California
Svi Mykhailiuk,Los Angeles Lakers,Kansas,2018,2,17,47,Svi Mykhailiuk,Svi Mykhailiuk_2018,Kansas
Keita Bates-Diop,Minnesota Timberwolves,Ohio State,2018,2,18,48,Keita Bates-Diop,Keita Bates-Diop_2018,Ohio St.
Chimezie Metu,Milwaukee Bucks,Southern California,2018,2,19,49,Chimezie Metu,Chimezie Metu_2018,Southern California
Alize Johnson,Indiana Pacers,Missouri State,2018,2,20,50,Alize Johnson,Alize Johnson_2018,Missouri St.
Tony Carr,New Orleans Pelicans,Penn State,2018,2,21,51,Tony Carr,Tony Carr_2018,Penn St.
Vincent Edwards,Utah Jazz,Purdue,2018,2,22,52,Vincent Edwards,Vincent Edwards_2018,Purdue
Devon Hall,Oklahoma City Thunder,Virginia,2018,2,23,53,Devon Hall,Devon Hall_2018,Virginia
Shake Milton,Dallas Mavericks,Southern Methodist,2018,2,24,54,Shake Milton,Shake Milton_2018,Southern Miss
Arnoldas Kulboka,Charlotte Hornets,Brose Bamberg (Germany),2018,2,25,55,Arnoldas Kulboka,Arnoldas Kulboka_2018,Brose Bamberg (Germany)
Ray Spalding,Philadelphia 76ers,Louisville,2018,2,26,56,Ray Spalding,Ray Spalding_2018,Louisville
Kevin Hervey,Oklahoma City Thunder,Texas-Arlington,2018,2,27,57,Kevin Hervey,Kevin Hervey_2018,UT Arlington
Thomas Welsh,Denver Nuggets,California-Los Angeles,2018,2,28,58,Thomas Welsh,Thomas Welsh_2018,California-Los Angeles
George King,Phoenix Suns,Colorado,2018,2,29,59,George King,George King_2018,Colorado
Kostas Antetokounmpo,Philadelphia 76ers,Dayton,2018,2,30,60,Kostas Antetokounmpo,Kostas Antetokounmpo_2018,Dayton
Markelle Fultz,Philadelphia 76ers,Washington,2017,1,1,1,Markelle Fultz,Markelle Fultz_2017,Washington
Lonzo Ball,Los Angeles Lakers,California-Los Angeles,2017,1,2,2,Lonzo Ball,Lonzo Ball_2017,California-Los Angeles
Jayson Tatum,Boston Celtics,Duke,2017,1,3,3,Jayson Tatum,Jayson Tatum_2017,Duke
Josh Jackson,Phoenix Suns,Kansas,2017,1,4,4,Josh Jackson,Josh Jackson_2017,Kansas
De'Aaron Fox,Sacramento Kings,Kentucky,2017,1,5,5,De'Aaron Fox,De'Aaron Fox_2017,Kentucky
Jonathan Isaac,Orlando Magic,Florida State,2017,1,6,6,Jonathan Isaac,Jonathan Isaac_2017,Florida St.
Lauri Markkanen,Minnesota Timberwolves,Arizona,2017,1,7,7,Lauri Markkanen,Lauri Markkanen_2017,Arizona
Frank Ntilikina,New York Knicks,SIG Strasbourg (France),2017,1,8,8,Frank Ntilikina,Frank Ntilikina_2017,SIG Strasbourg (France)
Dennis Smith Jr.,Dallas Mavericks,North Carolina State,2017,1,9,9,Dennis Smith Jr,Dennis Smith Jr_2017,North Carolina St.
Zach Collins,Sacramento Kings,Gonzaga,2017,1,10,10,Zach Collins,Zach Collins_2017,Gonzaga
Malik Monk,Charlotte Hornets,Kentucky,2017,1,11,11,Malik Monk,Malik Monk_2017,Kentucky
Luke Kennard,Detroit Pistons,Duke,2017,1,12,12,Luke Kennard,Luke Kennard_2017,Duke
Donovan Mitchell,Denver Nuggets,Louisville,2017,1,13,13,Donovan Mitchell,Donovan Mitchell_2017,Louisville
Bam Adebayo,Miami Heat,Kentucky,2017,1,14,14,Bam Adebayo,Bam Adebayo_2017,Kentucky
Justin Jackson,Portland Trail Blazers,North Carolina,2017,1,15,15,Justin Jackson,Justin Jackson_2017,North Carolina
Justin Patton,Chicago Bulls,Creighton,2017,1,16,16,Justin Patton,Justin Patton_2017,Creighton
D.J. Wilson,Milwaukee Bucks,Michigan,2017,1,17,17,Dj Wilson,Dj Wilson_2017,Michigan
T.J. Leaf,Indiana Pacers,California-Los Angeles,2017,1,18,18,Tj Leaf,Tj Leaf_2017,California-Los Angeles
John Collins,Atlanta Hawks,Wake Forest,2017,1,19,19,John Collins,John Collins_2017,Wake Forest
Harry Giles III,Portland Trail Blazers,Duke,2017,1,20,20,Harry Giles Iii,Harry Giles Iii_2017,Duke
Terrance Ferguson,Oklahoma City Thunder,Adelaide 36ers (Australia),2017,1,21,21,Terrance Ferguson,Terrance Ferguson_2017,Adelaide 36ers (Australia)
Jarrett Allen,Brooklyn Nets,Texas,2017,1,22,22,Jarrett Allen,Jarrett Allen_2017,Texas
OG Anunoby,Toronto Raptors,Indiana,2017,1,23,23,Og Anunoby,Og Anunoby_2017,Indiana
Tyler Lydon,Utah Jazz,Syracuse,2017,1,24,24,Tyler Lydon,Tyler Lydon_2017,Syracuse
Anzejs Pasecniks,Orlando Magic,CB Gran Canaria (Spain),2017,1,25,25,Anzejs Pasecniks,Anzejs Pasecniks_2017,CB Gran Canaria (Spain)
Caleb Swanigan,Portland Trail Blazers,Purdue,2017,1,26,26,Caleb Swanigan,Caleb Swanigan_2017,Purdue
Kyle Kuzma,Brooklyn Nets,Utah,2017,1,27,27,Kyle Kuzma,Kyle Kuzma_2017,Utah
Tony Bradley,Los Angeles Lakers,North Carolina,2017,1,28,28,Tony Bradley,Tony Bradley_2017,North Carolina
Derrick White,San Antonio Spurs,Colorado,2017,1,29,29,Derrick White,Derrick White_2017,Colorado
Josh Hart,Utah Jazz,Villanova,2017,1,30,30,Josh Hart,Josh Hart_2017,Villanova
Frank Jackson,Charlotte Hornets,Duke,2017,2,1,31,Frank Jackson,Frank Jackson_2017,Duke
Davon Reed,Phoenix Suns,Miami (FL),2017,2,2,32,Davon Reed,Davon Reed_2017,Miami FL
Wes Iwundu,Orlando Magic,Kansas State,2017,2,3,33,Wes Iwundu,Wes Iwundu_2017,Kansas St.
Frank Mason III,Sacramento Kings,Kansas,2017,2,4,34,Frank Mason Iii,Frank Mason Iii_2017,Kansas
Ivan Rabb,Orlando Magic,California,2017,2,5,35,Ivan Rabb,Ivan Rabb_2017,California
Jonah Bolden,Philadelphia 76ers,Red Star Belgrade (Serbia),2017,2,6,36,Jonah Bolden,Jonah Bolden_2017,Red Star Belgrade (Serbia)
Semi Ojeleye,Boston Celtics,Southern Methodist,2017,2,7,37,Semi Ojeleye,Semi Ojeleye_2017,Southern Miss
Jordan Bell,Chicago Bulls,Oregon,2017,2,8,38,Jordan Bell,Jordan Bell_2017,Oregon
Jawun Evans,Philadelphia 76ers,Oklahoma State,2017,2,9,39,Jawun Evans,Jawun Evans_2017,Oklahoma St.
Dwayne Bacon,New Orleans Pelicans,Florida State,2017,2,10,40,Dwayne Bacon,Dwayne Bacon_2017,Florida St.
Tyler Dorsey,Atlanta Hawks,Oregon,2017,2,11,41,Tyler Dorsey,Tyler Dorsey_2017,Oregon
Thomas Bryant,Utah Jazz,Indiana,2017,2,12,42,Thomas Bryant,Thomas Bryant_2017,Indiana
Isaiah Hartenstein,Houston Rockets,BC Zalgiris (Lithuania),2017,2,13,43,Isaiah Hartenstein,Isaiah Hartenstein_2017,BC Zalgiris (Lithuania)
Damyean Dotson,New York Knicks,Houston,2017,2,14,44,Damyean Dotson,Damyean Dotson_2017,Houston
Dillon Brooks,Houston Rockets,Oregon,2017,2,15,45,Dillon Brooks,Dillon Brooks_2017,Oregon
Sterling Brown,Philadelphia 76ers,Southern Methodist,2017,2,16,46,Sterling Brown,Sterling Brown_2017,Southern Miss
Ike Anigbogu,Indiana Pacers,California-Los Angeles,2017,2,17,47,Ike Anigbogu,Ike Anigbogu_2017,California-Los Angeles
Sindarius Thornwell,Milwaukee Bucks,South Carolina,2017,2,18,48,Sindarius Thornwell,Sindarius Thornwell_2017,South Carolina
Vlatko Cancar,Denver Nuggets,KK Mega Leks (Serbia),2017,2,19,49,Vlatko Cancar,Vlatko Cancar_2017,KK Mega Leks (Serbia)
Mathias Lessort,Philadelphia 76ers,Nanterre 92 (France),2017,2,20,50,Mathias Lessort,Mathias Lessort_2017,Nanterre 92 (France)
Monte Morris,Denver Nuggets,Iowa State,2017,2,21,51,Monte Morris,Monte Morris_2017,Iowa St.
Edmond Sumner,New Orleans Pelicans,Xavier,2017,2,22,52,Edmond Sumner,Edmond Sumner_2017,Xavier
Kadeem Allen,Boston Celtics,Arizona,2017,2,23,53,Kadeem Allen,Kadeem Allen_2017,Arizona
Alec Peters,Phoenix Suns,Valparaiso,2017,2,24,54,Alec Peters,Alec Peters_2017,Valparaiso
Nigel Williams-Goss,Utah Jazz,Gonzaga,2017,2,25,55,Nigel Williams-Goss,Nigel Williams-Goss_2017,Gonzaga
Jabari Bird,Boston Celtics,California,2017,2,26,56,Jabari Bird,Jabari Bird_2017,California
Aleksandar Vezenkov,Brooklyn Nets,FC Barcelona Basquet (Spain),2017,2,27,57,Aleksandar Vezenkov,Aleksandar Vezenkov_2017,FC Barcelona Basquet (Spain)
Ognjen Jaramaz,New York Knicks,KK Mega Leks (Serbia),2017,2,28,58,Ognjen Jaramaz,Ognjen Jaramaz_2017,KK Mega Leks (Serbia)
Jaron Blossomgame,San Antonio Spurs,Clemson,2017,2,29,59,Jaron Blossomgame,Jaron Blossomgame_2017,Clemson
Alpha Kaba,Atlanta Hawks,KK Mega Leks (Serbia),2017,2,30,60,Alpha Kaba,Alpha Kaba_2017,KK Mega Leks (Serbia)
Ben Simmons,Philadelphia 76ers,Louisiana State,2016,1,1,1,Ben Simmons,Ben Simmons_2016,Louisiana Tech
Brandon Ingram,Los Angeles Lakers,Duke,2016,1,2,2,Brandon Ingram,Brandon Ingram_2016,Duke
Jaylen Brown,Boston Celtics,California,2016,1,3,3,Jaylen Brown,Jaylen Brown_2016,California
Dragan Bender,Phoenix Suns,Maccabi Tel Aviv B.C. (Israel),2016,1,4,4,Dragan Bender,Dragan Bender_2016,Maccabi Tel Aviv B.C. (Israel)
Kris Dunn,Minnesota Timberwolves,Providence,2016,1,5,5,Kris Dunn,Kris Dunn_2016,Providence
Buddy Hield,New Orleans Pelicans,Oklahoma,2016,1,6,6,Buddy Hield,Buddy Hield_2016,Oklahoma
Jamal Murray,Denver Nuggets,Kentucky,2016,1,7,7,Jamal Murray,Jamal Murray_2016,Kentucky
Marquese Chriss,Phoenix Suns,Washington,2016,1,8,8,Marquese Chriss,Marquese Chriss_2016,Washington
Jakob Poeltl,Toronto Raptors,Utah,2016,1,9,9,Jakob Poeltl,Jakob Poeltl_2016,Utah
Thon Maker,Milwaukee Bucks,,2016,1,10,10,Thon Maker,Thon Maker_2016,
Domantas Sabonis,Oklahoma City Thunder,Gonzaga,2016,1,11,11,Domantas Sabonis,Domantas Sabonis_2016,Gonzaga
Taurean Prince,Utah Jazz,Baylor,2016,1,12,12,Taurean Prince,Taurean Prince_2016,Baylor
Georgios Papagiannis,Sacramento Kings,Panathinaikos B.C. (Greece),2016,1,13,13,Georgios Papagiannis,Georgios Papagiannis_2016,Panathinaikos B.C. (Greece)
Denzel Valentine,Chicago Bulls,Michigan State,2016,1,14,14,Denzel Valentine,Denzel Valentine_2016,Michigan St.
Juancho Hernangomez,Denver Nuggets,Movistar Estudiantes,2016,1,15,15,Juancho Hernangomez,Juancho Hernangomez_2016,Movistar Estudiantes
Guerschon Yabusele,Boston Celtics,SPO Rouen Basket,2016,1,16,16,Guerschon Yabusele,Guerschon Yabusele_2016,SPO Rouen Basket
Wade Baldwin IV,Memphis Grizzlies,Vanderbilt,2016,1,17,17,Wade Baldwin Iv,Wade Baldwin Iv_2016,Vanderbilt
Henry Ellenson,Detroit Pistons,Marquette,2016,1,18,18,Henry Ellenson,Henry Ellenson_2016,Marquette
Malik Beasley,Denver Nuggets,Florida State,2016,1,19,19,Malik Beasley,Malik Beasley_2016,Florida St.
Caris LeVert,Indiana Pacers,Michigan,2016,1,20,20,Caris Levert,Caris Levert_2016,Michigan
DeAndre' Bembry,Atlanta Hawks,Saint Joseph's,2016,1,21,21,Deandre' Bembry,Deandre' Bembry_2016,Saint Joseph's
Malachi Richardson,Charlotte Hornets,Syracuse,2016,1,22,22,Malachi Richardson,Malachi Richardson_2016,Syracuse
Ante Zizic,Boston Celtics,KK Cibona (Croatia),2016,1,23,23,Ante Zizic,Ante Zizic_2016,KK Cibona (Croatia)
Timothe Luwawu-Cabarrot,Philadelphia 76ers,KK Mega Vizura,2016,1,24,24,Timothe Luwawu-Cabarrot,Timothe Luwawu-Cabarrot_2016,KK Mega Vizura
Brice Johnson,LA Clippers,North Carolina,2016,1,25,25,Brice Johnson,Brice Johnson_2016,North Carolina
Furkan Korkmaz,Philadelphia 76ers,Anadolu Efes S.K. (Turkey),2016,1,26,26,Furkan Korkmaz,Furkan Korkmaz_2016,Anadolu Efes S.K. (Turkey)
Pascal Siakam,Toronto Raptors,New Mexico State,2016,1,27,27,Pascal Siakam,Pascal Siakam_2016,New Mexico St.
Skal Labissiere,Sacramento Kings,Kentucky,2016,1,28,28,Skal Labissiere,Skal Labissiere_2016,Kentucky
Dejounte Murray,San Antonio Spurs,Washington,2016,1,29,29,Dejounte Murray,Dejounte Murray_2016,Washington
Damian Jones,Golden State Warriors,Vanderbilt,2016,1,30,30,Damian Jones,Damian Jones_2016,Vanderbilt
Deyonta Davis,Boston Celtics,Michigan State,2016,2,1,31,Deyonta Davis,Deyonta Davis_2016,Michigan St.
Ivica Zubac,Los Angeles Lakers,KK Mega Vizura,2016,2,2,32,Ivica Zubac,Ivica Zubac_2016,KK Mega Vizura
Cheick Diallo,LA Clippers,Kansas,2016,2,3,33,Cheick Diallo,Cheick Diallo_2016,Kansas
Tyler Ulis,Phoenix Suns,Kentucky,2016,2,4,34,Tyler Ulis,Tyler Ulis_2016,Kentucky
Rade Zagorac,Boston Celtics,KK Mega Vizura,2016,2,5,35,Rade Zagorac,Rade Zagorac_2016,KK Mega Vizura
Malcolm Brogdon,Milwaukee Bucks,Virginia,2016,2,6,36,Malcolm Brogdon,Malcolm Brogdon_2016,Virginia
Chinanu Onuaku,Houston Rockets,Louisville,2016,2,7,37,Chinanu Onuaku,Chinanu Onuaku_2016,Louisville
Patrick McCaw,Golden State Warriors,Nevada-Las Vegas,2016,2,8,38,Patrick McCaw,Patrick McCaw_2016,Nevada-Las Vegas
David Michineau,New Orleans Pelicans,Elan Chalon (France),2016,2,9,39,David Michineau,David Michineau_2016,Elan Chalon (France)
Diamond Stone,New Orleans Pelicans,Maryland,2016,2,10,40,Diamond Stone,Diamond Stone_2016,Maryland
Stephen Zimmerman,Orlando Magic,Nevada-Las Vegas,2016,2,11,41,Stephen Zimmerman,Stephen Zimmerman_2016,Nevada-Las Vegas
Isaiah Whitehead,Brooklyn Nets,Seton Hall,2016,2,12,42,Isaiah Whitehead,Isaiah Whitehead_2016,Seton Hall
Zhou Qi,Houston Rockets,Xinjiang Guanghui,2016,2,13,43,Zhou Qi,Zhou Qi_2016,Xinjiang Guanghui
Isaia Cordinier,Atlanta Hawks,Denain ASC Voltaire,2016,2,14,44,Isaia Cordinier,Isaia Cordinier_2016,Denain ASC Voltaire
Demetrius Jackson,Boston Celtics,Notre Dame,2016,2,15,45,Demetrius Jackson,Demetrius Jackson_2016,Notre Dame
AJ Hammons,Dallas Mavericks,Purdue,2016,2,16,46,Aj Hammons,Aj Hammons_2016,Purdue
Jake Layman,Orlando Magic,Maryland,2016,2,17,47,Jake Layman,Jake Layman_2016,Maryland
Paul Zipser,Chicago Bulls,FC Bayern Muenchen,2016,2,18,48,Paul Zipser,Paul Zipser_2016,FC Bayern Muenchen
Michael Gbinije,Detroit Pistons,Syracuse,2016,2,19,49,Michael Gbinije,Michael Gbinije_2016,Syracuse
Georges Niang,Indiana Pacers,Iowa State,2016,2,20,50,Georges Niang,Georges Niang_2016,Iowa St.
Ben Bentil,Boston Celtics,Providence,2016,2,21,51,Ben Bentil,Ben Bentil_2016,Providence
Joel Bolomboy,Utah Jazz,Weber State,2016,2,22,52,Joel Bolomboy,Joel Bolomboy_2016,Weber St.
Petr Cornelie,Denver Nuggets,Le Mans Sarthe Basket (France),2016,2,23,53,Petr Cornelie,Petr Cornelie_2016,Le Mans Sarthe Basket (France)
Kay Felder,Atlanta Hawks,Oakland,2016,2,24,54,Kay Felder,Kay Felder_2016,Oakland
Marcus Paige,Utah Jazz,North Carolina,2016,2,25,55,Marcus Paige,Marcus Paige_2016,North Carolina
Daniel Hamilton,Denver Nuggets,Connecticut,2016,2,26,56,Daniel Hamilton,Daniel Hamilton_2016,Connecticut
Wang Zhelin,Memphis Grizzlies,Fujian,2016,2,27,57,Wang Zhelin,Wang Zhelin_2016,Fujian
Abdel Nader,Boston Celtics,Iowa State,2016,2,28,58,Abdel Nader,Abdel Nader_2016,Iowa St.
Isaiah Cousins,Sacramento Kings,Oklahoma,2016,2,29,59,Isaiah Cousins,Isaiah Cousins_2016,Oklahoma
Tyrone Wallace,Utah Jazz,California,2016,2,30,60,Tyrone Wallace,Tyrone Wallace_2016,California
Karl-Anthony Towns,Minnesota Timberwolves,Kentucky,2015,1,1,1,Karl-Anthony Towns,Karl-Anthony Towns_2015,Kentucky
D'Angelo Russell,Los Angeles Lakers,Ohio State,2015,1,2,2,D'Angelo Russell,D'Angelo Russell_2015,Ohio St.
Jahlil Okafor,Philadelphia 76ers,Duke,2015,1,3,3,Jahlil Okafor,Jahlil Okafor_2015,Duke
Kristaps Porzingis,New York Knicks,CB Sevilla (Spain),2015,1,4,4,Kristaps Porzingis,Kristaps Porzingis_2015,CB Sevilla (Spain)
Mario Hezonja,Orlando Magic,FC Barcelona Basquet (Spain),2015,1,5,5,Mario Hezonja,Mario Hezonja_2015,FC Barcelona Basquet (Spain)
Willie Cauley-Stein,Sacramento Kings,Kentucky,2015,1,6,6,Willie Cauley-Stein,Willie Cauley-Stein_2015,Kentucky
Emmanuel Mudiay,Denver Nuggets,Guangdong Southern Tigers (China),2015,1,7,7,Emmanuel Mudiay,Emmanuel Mudiay_2015,Guangdong Southern Tigers (China)
Stanley Johnson,Detroit Pistons,Arizona,2015,1,8,8,Stanley Johnson,Stanley Johnson_2015,Arizona
Frank Kaminsky,Charlotte Hornets,Wisconsin,2015,1,9,9,Frank Kaminsky,Frank Kaminsky_2015,Wisconsin
Justise Winslow,Miami Heat,Duke,2015,1,10,10,Justise Winslow,Justise Winslow_2015,Duke
Myles Turner,Indiana Pacers,Texas,2015,1,11,11,Myles Turner,Myles Turner_2015,Texas
Trey Lyles,Utah Jazz,Kentucky,2015,1,12,12,Trey Lyles,Trey Lyles_2015,Kentucky
Devin Booker,Phoenix Suns,Kentucky,2015,1,13,13,Devin Booker,Devin Booker_2015,Kentucky
Cameron Payne,Oklahoma City Thunder,Murray State,2015,1,14,14,Cameron Payne,Cameron Payne_2015,Murray St.
Kelly Oubre Jr.,Atlanta Hawks,Kansas,2015,1,15,15,Kelly Oubre Jr,Kelly Oubre Jr_2015,Kansas
Terry Rozier,Boston Celtics,Louisville,2015,1,16,16,Terry Rozier,Terry Rozier_2015,Louisville
Rashad Vaughn,Milwaukee Bucks,Nevada-Las Vegas,2015,1,17,17,Rashad Vaughn,Rashad Vaughn_2015,Nevada-Las Vegas
Sam Dekker,Houston Rockets,Wisconsin,2015,1,18,18,Sam Dekker,Sam Dekker_2015,Wisconsin
Jerian Grant,Washington Wizards,Notre Dame,2015,1,19,19,Jerian Grant,Jerian Grant_2015,Notre Dame
Delon Wright,Toronto Raptors,Utah,2015,1,20,20,Delon Wright,Delon Wright_2015,Utah
Justin Anderson,Dallas Mavericks,Virginia,2015,1,21,21,Justin Anderson,Justin Anderson_2015,Virginia
Bobby Portis,Chicago Bulls,Arkansas,2015,1,22,22,Bobby Portis,Bobby Portis_2015,Arkansas
Rondae Hollis-Jefferson,Portland Trail Blazers,Arizona,2015,1,23,23,Rondae Hollis-Jefferson,Rondae Hollis-Jefferson_2015,Arizona
Tyus Jones,Cleveland Cavaliers,Duke,2015,1,24,24,Tyus Jones,Tyus Jones_2015,Duke
Jarell Martin,Memphis Grizzlies,Louisiana State,2015,1,25,25,Jarell Martin,Jarell Martin_2015,Louisiana Tech
Nikola Milutinov,San Antonio Spurs,KK Partizan (Serbia),2015,1,26,26,Nikola Milutinov,Nikola Milutinov_2015,KK Partizan (Serbia)
Larry Nance Jr.,Los Angeles Lakers,Wyoming,2015,1,27,27,Larry Nance Jr,Larry Nance Jr_2015,Wyoming
RJ Hunter,Boston Celtics,Georgia State,2015,1,28,28,Rj Hunter,Rj Hunter_2015,Georgia St.
Chris McCullough,Brooklyn Nets,Syracuse,2015,1,29,29,Chris McCullough,Chris McCullough_2015,Syracuse
Kevon Looney,Golden State Warriors,California-Los Angeles,2015,1,30,30,Kevon Looney,Kevon Looney_2015,California-Los Angeles
Cedi Osman,Minnesota Timberwolves,Anadolu Efes S.K. (Turkey),2015,2,1,31,Cedi Osman,Cedi Osman_2015,Anadolu Efes S.K. (Turkey)
Montrezl Harrell,Houston Rockets,Louisville,2015,2,2,32,Montrezl Harrell,Montrezl Harrell_2015,Louisville
Jordan Mickey,Boston Celtics,Louisiana State,2015,2,3,33,Jordan Mickey,Jordan Mickey_2015,Louisiana Tech
Anthony Brown,Los Angeles Lakers,Stanford,2015,2,4,34,Anthony Brown,Anthony Brown_2015,Stanford
Willy Hernangomez,Philadelphia 76ers,CB Sevilla (Spain),2015,2,5,35,Willy Hernangomez,Willy Hernangomez_2015,CB Sevilla (Spain)
Rakeem Christmas,Minnesota Timberwolves,Syracuse,2015,2,6,36,Rakeem Christmas,Rakeem Christmas_2015,Syracuse
Richaun Holmes,Philadelphia 76ers,Bowling Green,2015,2,7,37,Richaun Holmes,Richaun Holmes_2015,Bowling Green
Darrun Hilliard,Detroit Pistons,Villanova,2015,2,8,38,Darrun Hilliard,Darrun Hilliard_2015,Villanova
Juan Pablo Vaulet,Charlotte Hornets,Bahia Basket (Argentina),2015,2,9,39,Juan Pablo Vaulet,Juan Pablo Vaulet_2015,Bahia Basket (Argentina)
Josh Richardson,Miami Heat,Tennessee,2015,2,10,40,Josh Richardson,Josh Richardson_2015,Tennessee
Pat Connaughton,Brooklyn Nets,Notre Dame,2015,2,11,41,Pat Connaughton,Pat Connaughton_2015,Notre Dame
Olivier Hanlan,Utah Jazz,Boston College,2015,2,12,42,Olivier Hanlan,Olivier Hanlan_2015,Boston College
Joe Young,Indiana Pacers,Oregon,2015,2,13,43,Joe Young,Joe Young_2015,Oregon
Andrew Harrison,Phoenix Suns,Kentucky,2015,2,14,44,Andrew Harrison,Andrew Harrison_2015,Kentucky
Marcus Thornton,Boston Celtics,William & Mary,2015,2,15,45,Marcus Thornton,Marcus Thornton_2015,William & Mary
Norman Powell,Milwaukee Bucks,California-Los Angeles,2015,2,16,46,Norman Powell,Norman Powell_2015,California-Los Angeles
Arturas Gudaitis,Philadelphia 76ers,BC Zalgiris (Lithuania),2015,2,17,47,Arturas Gudaitis,Arturas Gudaitis_2015,BC Zalgiris (Lithuania)
Dakari Johnson,Oklahoma City Thunder,Kentucky,2015,2,18,48,Dakari Johnson,Dakari Johnson_2015,Kentucky
Aaron White,Washington Wizards,Iowa,2015,2,19,49,Aaron White,Aaron White_2015,Iowa
Marcus Eriksson,Atlanta Hawks,FC Barcelona Basquet (Spain),2015,2,20,50,Marcus Eriksson,Marcus Eriksson_2015,FC Barcelona Basquet (Spain)
Tyler Harvey,Orlando Magic,Eastern Washington,2015,2,21,51,Tyler Harvey,Tyler Harvey_2015,Eastern Washington
Satnam Singh,Dallas Mavericks,IMG Academy,2015,2,22,52,Satnam Singh,Satnam Singh_2015,IMG Academy
Sir'Dominic Pointer,Cleveland Cavaliers,St. John's (NY),2015,2,23,53,Sir'Dominic Pointer,Sir'Dominic Pointer_2015,St. John's
Daniel Diez,Utah Jazz,San Sebastian Gipuzkoa BC (Spain),2015,2,24,54,Daniel Diez,Daniel Diez_2015,San Sebastian Gipuzkoa BC (Spain)
Cady Lalanne,San Antonio Spurs,Massachusetts,2015,2,25,55,Cady Lalanne,Cady Lalanne_2015,Massachusetts
Branden Dawson,New Orleans Pelicans,Michigan State,2015,2,26,56,Branden Dawson,Branden Dawson_2015,Michigan St.
Nikola Radicevic,Denver Nuggets,CB Sevilla (Spain),2015,2,27,57,Nikola Radicevic,Nikola Radicevic_2015,CB Sevilla (Spain)
JP Tokoto,Philadelphia 76ers,North Carolina,2015,2,28,58,Jp Tokoto,Jp Tokoto_2015,North Carolina
Dimitrios Agravanis,Atlanta Hawks,Olympiacos B.C. (Greece),2015,2,29,59,Dimitrios Agravanis,Dimitrios Agravanis_2015,Olympiacos B.C. (Greece)
Luka Mitrovic,Philadelphia 76ers,Red Star Belgrade (Serbia),2015,2,30,60,Luka Mitrovic,Luka Mitrovic_2015,Red Star Belgrade (Serbia)
Andrew Wiggins,Cleveland Cavaliers,Kansas,2014,1,1,1,Andrew Wiggins,Andrew Wiggins_2014,Kansas
Jabari Parker,Milwaukee Bucks,Duke,2014,1,2,2,Jabari Parker,Jabari Parker_2014,Duke
Joel Embiid,Philadelphia 76ers,Kansas,2014,1,3,3,Joel Embiid,Joel Embiid_2014,Kansas
Aaron Gordon,Orlando Magic,Arizona,2014,1,4,4,Aaron Gordon,Aaron Gordon_2014,Arizona
Dante Exum,Utah Jazz,Australian Institute of Sport (Australia),2014,1,5,5,Dante Exum,Dante Exum_2014,Australian Institute of Sport (Australia)
Marcus Smart,Boston Celtics,Oklahoma State,2014,1,6,6,Marcus Smart,Marcus Smart_2014,Oklahoma St.
Julius Randle,Los Angeles Lakers,Kentucky,2014,1,7,7,Julius Randle,Julius Randle_2014,Kentucky
Nik Stauskas,Sacramento Kings,Michigan,2014,1,8,8,Nik Stauskas,Nik Stauskas_2014,Michigan
Noah Vonleh,Charlotte Hornets,Indiana,2014,1,9,9,Noah Vonleh,Noah Vonleh_2014,Indiana
Elfrid Payton,Philadelphia 76ers,Louisiana-Lafayette,2014,1,10,10,Elfrid Payton,Elfrid Payton_2014,Louisiana Lafayette
Doug McDermott,Denver Nuggets,Creighton,2014,1,11,11,Doug McDermott,Doug McDermott_2014,Creighton
Dario Saric,Orlando Magic,KK Cibona (Croatia),2014,1,12,12,Dario Saric,Dario Saric_2014,KK Cibona (Croatia)
Zach LaVine,Minnesota Timberwolves,California-Los Angeles,2014,1,13,13,Zach Lavine,Zach Lavine_2014,California-Los Angeles
T.J. Warren,Phoenix Suns,North Carolina State,2014,1,14,14,Tj Warren,Tj Warren_2014,North Carolina St.
Adreian Payne,Atlanta Hawks,Michigan State,2014,1,15,15,Adreian Payne,Adreian Payne_2014,Michigan St.
Jusuf Nurkic,Chicago Bulls,KK Cedevita (Croatia),2014,1,16,16,Jusuf Nurkic,Jusuf Nurkic_2014,KK Cedevita (Croatia)
James Young,Boston Celtics,Kentucky,2014,1,17,17,James Young,James Young_2014,Kentucky
Tyler Ennis,Phoenix Suns,Syracuse,2014,1,18,18,Tyler Ennis,Tyler Ennis_2014,Syracuse
Gary Harris,Chicago Bulls,Michigan State,2014,1,19,19,Gary Harris,Gary Harris_2014,Michigan St.
Bruno Caboclo,Toronto Raptors,Esporte Clube Pinheiros (Brazil),2014,1,20,20,Bruno Caboclo,Bruno Caboclo_2014,Esporte Clube Pinheiros (Brazil)
Mitch McGary,Oklahoma City Thunder,Michigan,2014,1,21,21,Mitch McGary,Mitch McGary_2014,Michigan
Jordan Adams,Memphis Grizzlies,California-Los Angeles,2014,1,22,22,Jordan Adams,Jordan Adams_2014,California-Los Angeles
Rodney Hood,Utah Jazz,Duke,2014,1,23,23,Rodney Hood,Rodney Hood_2014,Duke
Shabazz Napier,Charlotte Hornets,Connecticut,2014,1,24,24,Shabazz Napier,Shabazz Napier_2014,Connecticut
Clint Capela,Houston Rockets,Elan Chalon (France),2014,1,25,25,Clint Capela,Clint Capela_2014,Elan Chalon (France)
PJ Hairston,Miami Heat,Texas Legends (D-League),2014,1,26,26,Pj Hairston,Pj Hairston_2014,Texas Legends (D-League)
Bogdan Bogdanovic,Phoenix Suns,KK Partizan (Serbia),2014,1,27,27,Bogdan Bogdanovic,Bogdan Bogdanovic_2014,KK Partizan (Serbia)
C.J. Wilcox,Los Angeles Clippers,Washington,2014,1,28,28,Cj Wilcox,Cj Wilcox_2014,Washington
Josh Huestis,Oklahoma City Thunder,Stanford,2014,1,29,29,Josh Huestis,Josh Huestis_2014,Stanford
Kyle Anderson,San Antonio Spurs,California-Los Angeles,2014,1,30,30,Kyle Anderson,Kyle Anderson_2014,California-Los Angeles
Damien Inglis,Milwaukee Bucks,Chorale Roanne Basket (France),2014,2,1,31,Damien Inglis,Damien Inglis_2014,Chorale Roanne Basket (France)
KJ McDaniels,Philadelphia 76ers,Clemson,2014,2,2,32,Kj McDaniels,Kj McDaniels_2014,Clemson
Joe Harris,Cleveland Cavaliers,Virginia,2014,2,3,33,Joe Harris,Joe Harris_2014,Virginia
Cleanthony Early,New York Knicks,Wichita State,2014,2,4,34,Cleanthony Early,Cleanthony Early_2014,Wichita St.
Jarnell Stokes,Utah Jazz,Tennessee,2014,2,5,35,Jarnell Stokes,Jarnell Stokes_2014,Tennessee
Johnny O'Bryant III,Milwaukee Bucks,Louisiana State,2014,2,6,36,Johnny O'Bryant Iii,Johnny O'Bryant Iii_2014,Louisiana Tech
DeAndre Daniels,Toronto Raptors,Connecticut,2014,2,7,37,Deandre Daniels,Deandre Daniels_2014,Connecticut
Spencer Dinwiddie,Detroit Pistons,Colorado,2014,2,8,38,Spencer Dinwiddie,Spencer Dinwiddie_2014,Colorado
Jerami Grant,Philadelphia 76ers,Syracuse,2014,2,9,39,Jerami Grant,Jerami Grant_2014,Syracuse
Glenn Robinson III,Minnesota Timberwolves,Michigan,2014,2,10,40,Glenn Robinson Iii,Glenn Robinson Iii_2014,Michigan
Nikola Jokic,Denver Nuggets,KK Mega Leks (Serbia),2014,2,11,41,Nikola Jokic,Nikola Jokic_2014,KK Mega Leks (Serbia)
Nick Johnson,Houston Rockets,Arizona,2014,2,12,42,Nick Johnson,Nick Johnson_2014,Arizona
Edy Tavares,Atlanta Hawks,CB Gran Canaria (Spain),2014,2,13,43,Edy Tavares,Edy Tavares_2014,CB Gran Canaria (Spain)
Markel Brown,Minnesota Timberwolves,Oklahoma State,2014,2,14,44,Markel Brown,Markel Brown_2014,Oklahoma St.
Dwight Powell,Charlotte Hornets,Stanford,2014,2,15,45,Dwight Powell,Dwight Powell_2014,Stanford
Jordan Clarkson,Washington Wizards,Missouri,2014,2,16,46,Jordan Clarkson,Jordan Clarkson_2014,Missouri
Russ Smith,Philadelphia 76ers,Louisville,2014,2,17,47,Russ Smith,Russ Smith_2014,Louisville
Lamar Patterson,Milwaukee Bucks,Pittsburgh,2014,2,18,48,Lamar Patterson,Lamar Patterson_2014,Pittsburgh
Cameron Bairstow,Chicago Bulls,New Mexico,2014,2,19,49,Cameron Bairstow,Cameron Bairstow_2014,New Mexico
Alec Brown,Phoenix Suns,Wisconsin-Green Bay,2014,2,20,50,Alec Brown,Alec Brown_2014,Wisconsin-Green Bay
Thanasis Antetokounmpo,New York Knicks,Delaware 87ers (D-League),2014,2,21,51,Thanasis Antetokounmpo,Thanasis Antetokounmpo_2014,Delaware 87ers (D-League)
Vasilije Micic,Philadelphia 76ers,KK Mega Leks (Serbia),2014,2,22,52,Vasilije Micic,Vasilije Micic_2014,KK Mega Leks (Serbia)
Alessandro Gentile,Minnesota Timberwolves,Olimpia Milano (Italy),2014,2,23,53,Alessandro Gentile,Alessandro Gentile_2014,Olimpia Milano (Italy)
Nemanja Dangubic,Philadelphia 76ers,KK Mega Leks (Serbia),2014,2,24,54,Nemanja Dangubic,Nemanja Dangubic_2014,KK Mega Leks (Serbia)
Semaj Christon,Miami Heat,Xavier,2014,2,25,55,Semaj Christon,Semaj Christon_2014,Xavier
Devyn Marble,Denver Nuggets,Iowa,2014,2,26,56,Devyn Marble,Devyn Marble_2014,Iowa
Louis Labeyrie,Indiana Pacers,Paris-Levallois Basket (France),2014,2,27,57,Louis Labeyrie,Louis Labeyrie_2014,Paris-Levallois Basket (France)
Jordan McRae,San Antonio Spurs,Tennessee,2014,2,28,58,Jordan McRae,Jordan McRae_2014,Tennessee
Xavier Thames,Toronto Raptors,San Diego State,2014,2,29,59,Xavier Thames,Xavier Thames_2014,San Diego St.
Cory Jefferson,San Antonio Spurs,Baylor,2014,2,30,60,Cory Jefferson,Cory Jefferson_2014,Baylor
Anthony Bennett,Cleveland Cavaliers,Nevada-Las Vegas,2013,1,1,1,Anthony Bennett,Anthony Bennett_2013,Nevada-Las Vegas
Victor Oladipo,Orlando Magic,Indiana,2013,1,2,2,Victor Oladipo,Victor Oladipo_2013,Indiana
Otto Porter Jr.,Washington Wizards,Georgetown,2013,1,3,3,Otto Porter Jr,Otto Porter Jr_2013,Georgetown
Cody Zeller,Charlotte Bobcats,Indiana,2013,1,4,4,Cody Zeller,Cody Zeller_2013,Indiana
Alex Len,Phoenix Suns,Maryland,2013,1,5,5,Alex Len,Alex Len_2013,Maryland
Nerlens Noel,New Orleans Pelicans,Kentucky,2013,1,6,6,Nerlens Noel,Nerlens Noel_2013,Kentucky
Ben McLemore,Sacramento Kings,Kansas,2013,1,7,7,Ben McLemore,Ben McLemore_2013,Kansas
Kentavious Caldwell-Pope,Detroit Pistons,Georgia,2013,1,8,8,Kentavious Caldwell-Pope,Kentavious Caldwell-Pope_2013,Georgia
Trey Burke,Minnesota Timberwolves,Michigan,2013,1,9,9,Trey Burke,Trey Burke_2013,Michigan
CJ McCollum,Portland Trail Blazers,Lehigh,2013,1,10,10,Cj McCollum,Cj McCollum_2013,Lehigh
Michael Carter-Williams,Philadelphia 76ers,Syracuse,2013,1,11,11,Michael Carter-Williams,Michael Carter-Williams_2013,Syracuse
Steven Adams,Oklahoma City Thunder,Pittsburgh,2013,1,12,12,Steven Adams,Steven Adams_2013,Pittsburgh
Kelly Olynyk,Dallas Mavericks,Gonzaga,2013,1,13,13,Kelly Olynyk,Kelly Olynyk_2013,Gonzaga
Shabazz Muhammad,Utah Jazz,California-Los Angeles,2013,1,14,14,Shabazz Muhammad,Shabazz Muhammad_2013,California-Los Angeles
Giannis Antetokounmpo,Milwaukee Bucks,Basket Zaragoza 2002 (Spain),2013,1,15,15,Giannis Antetokounmpo,Giannis Antetokounmpo_2013,Basket Zaragoza 2002 (Spain)
Lucas Nogueira,Boston Celtics,CB Estudiantes (Spain),2013,1,16,16,Lucas Nogueira,Lucas Nogueira_2013,CB Estudiantes (Spain)
Dennis Schroder,Atlanta Hawks,Basketball Lowen Braunschweig (Germany),2013,1,17,17,Dennis Schroder,Dennis Schroder_2013,Basketball Lowen Braunschweig (Germany)
Shane Larkin,Atlanta Hawks,Miami (FL),2013,1,18,18,Shane Larkin,Shane Larkin_2013,Miami FL
Sergey Karasev,Cleveland Cavaliers,B.C. Zenit Saint Petersburg (Russia),2013,1,19,19,Sergey Karasev,Sergey Karasev_2013,B.C. Zenit Saint Petersburg (Russia)
Tony Snell,Chicago Bulls,New Mexico,2013,1,20,20,Tony Snell,Tony Snell_2013,New Mexico
Gorgui Dieng,Utah Jazz,Louisville,2013,1,21,21,Gorgui Dieng,Gorgui Dieng_2013,Louisville
Mason Plumlee,Brooklyn Nets,Duke,2013,1,22,22,Mason Plumlee,Mason Plumlee_2013,Duke
Solomon Hill,Indiana Pacers,Arizona,2013,1,23,23,Solomon Hill,Solomon Hill_2013,Arizona
Tim Hardaway Jr.,New York Knicks,Michigan,2013,1,24,24,Tim Hardaway Jr,Tim Hardaway Jr_2013,Michigan
Reggie Bullock,Los Angeles Clippers,North Carolina,2013,1,25,25,Reggie Bullock,Reggie Bullock_2013,North Carolina
Andre Roberson,Minnesota Timberwolves,Colorado,2013,1,26,26,Andre Roberson,Andre Roberson_2013,Colorado
Rudy Gobert,Denver Nuggets,Cholet Basket (France),2013,1,27,27,Rudy Gobert,Rudy Gobert_2013,Cholet Basket (France)
Livio Jean-Charles,San Antonio Spurs,ASVEL Basket (France),2013,1,28,28,Livio Jean-Charles,Livio Jean-Charles_2013,ASVEL Basket (France)
Archie Goodwin,Oklahoma City Thunder,Kentucky,2013,1,29,29,Archie Goodwin,Archie Goodwin_2013,Kentucky
Nemanja Nedovic,Phoenix Suns,BC Lietuvos rytas (Lithuania),2013,1,30,30,Nemanja Nedovic,Nemanja Nedovic_2013,BC Lietuvos rytas (Lithuania)
Allen Crabbe,Cleveland Cavaliers,California,2013,2,1,31,Allen Crabbe,Allen Crabbe_2013,California
Alex Abrines,Oklahoma City Thunder,FC Barcelona Basquet (Spain),2013,2,2,32,Alex Abrines,Alex Abrines_2013,FC Barcelona Basquet (Spain)
Carrick Felix,Cleveland Cavaliers,Arizona State,2013,2,3,33,Carrick Felix,Carrick Felix_2013,Arizona St.
Isaiah Canaan,Houston Rockets,Murray State,2013,2,4,34,Isaiah Canaan,Isaiah Canaan_2013,Murray St.
Glen Rice,Philadelphia 76ers,Michigan,2013,2,5,35,Glen Rice,Glen Rice_2013,Michigan
Ray McCallum,Sacramento Kings,Detroit Mercy,2013,2,6,36,Ray McCallum,Ray McCallum_2013,Detroit Mercy
Tony Mitchell,Detroit Pistons,North Texas,2013,2,7,37,Tony Mitchell,Tony Mitchell_2013,North Texas
Nate Wolters,Washington Wizards,South Dakota State,2013,2,8,38,Nate Wolters,Nate Wolters_2013,South Dakota St.
Jeff Withey,Portland Trail Blazers,Kansas,2013,2,9,39,Jeff Withey,Jeff Withey_2013,Kansas
Grant Jerrett,Portland Trail Blazers,Arizona,2013,2,10,40,Grant Jerrett,Grant Jerrett_2013,Arizona
Jamaal Franklin,Memphis Grizzlies,San Diego State,2013,2,11,41,Jamaal Franklin,Jamaal Franklin_2013,San Diego St.
Pierre Jackson,Philadelphia 76ers,Baylor,2013,2,12,42,Pierre Jackson,Pierre Jackson_2013,Baylor
Ricky Ledo,Milwaukee Bucks,Providence,2013,2,13,43,Ricky Ledo,Ricky Ledo_2013,Providence
Mike Muscala,Dallas Mavericks,Bucknell,2013,2,14,44,Mike Muscala,Mike Muscala_2013,Bucknell
Marko Todorovic,Portland Trail Blazers,FC Barcelona Basquet (Spain),2013,2,15,45,Marko Todorovic,Marko Todorovic_2013,FC Barcelona Basquet (Spain)
Erick Green,Utah Jazz,Virginia Tech,2013,2,16,46,Erick Green,Erick Green_2013,Virginia Tech
Raul Neto,Atlanta Hawks,San Sebastian Gipuzkoa BC (Spain),2013,2,17,47,Raul Neto,Raul Neto_2013,San Sebastian Gipuzkoa BC (Spain)
Ryan Kelly,Los Angeles Lakers,Duke,2013,2,18,48,Ryan Kelly,Ryan Kelly_2013,Duke
Erik Murphy,Chicago Bulls,Florida,2013,2,19,49,Erik Murphy,Erik Murphy_2013,Florida
James Ennis III,Atlanta Hawks,Long Beach State,2013,2,20,50,James Ennis Iii,James Ennis Iii_2013,Long Beach St.
Romero Osby,Orlando Magic,Oklahoma,2013,2,21,51,Romero Osby,Romero Osby_2013,Oklahoma
Lorenzo Brown,Minnesota Timberwolves,North Carolina State,2013,2,22,52,Lorenzo Brown,Lorenzo Brown_2013,North Carolina St.
Colton Iverson,Indiana Pacers,Colorado State,2013,2,23,53,Colton Iverson,Colton Iverson_2013,Colorado St.
Arsalan Kazemi,Washington Wizards,Oregon,2013,2,24,54,Arsalan Kazemi,Arsalan Kazemi_2013,Oregon
Joffrey Lauvergne,Memphis Grizzlies,KK Partizan (Serbia),2013,2,25,55,Joffrey Lauvergne,Joffrey Lauvergne_2013,KK Partizan (Serbia)
Peyton Siva,Detroit Pistons,Louisville,2013,2,26,56,Peyton Siva,Peyton Siva_2013,Louisville
Alex Oriakhi,Phoenix Suns,Missouri,2013,2,27,57,Alex Oriakhi,Alex Oriakhi_2013,Missouri
Deshaun Thomas,San Antonio Spurs,Ohio State,2013,2,28,58,Deshaun Thomas,Deshaun Thomas_2013,Ohio St.
Bojan Dubljevic,Minnesota Timberwolves,Valencia BC (Spain),2013,2,29,59,Bojan Dubljevic,Bojan Dubljevic_2013,Valencia BC (Spain)
Janis Timma,Memphis Grizzlies,BK Ventspils (Latvia),2013,2,30,60,Janis Timma,Janis Timma_2013,BK Ventspils (Latvia)
Anthony Davis,New Orleans Hornets,Kentucky,2012,1,1,1,Anthony Davis,Anthony Davis_2012,Kentucky
Michael Kidd-Gilchrist,Charlotte Bobcats,Kentucky,2012,1,2,2,Michael Kidd-Gilchrist,Michael Kidd-Gilchrist_2012,Kentucky
Bradley Beal,Washington Wizards,Florida,2012,1,3,3,Bradley Beal,Bradley Beal_2012,Florida
Dion Waiters,Cleveland Cavaliers,Syracuse,2012,1,4,4,Dion Waiters,Dion Waiters_2012,Syracuse
Thomas Robinson,Sacramento Kings,Kansas,2012,1,5,5,Thomas Robinson,Thomas Robinson_2012,Kansas
Damian Lillard,Portland Trail Blazers,Weber State,2012,1,6,6,Damian Lillard,Damian Lillard_2012,Weber St.
Harrison Barnes,Golden State Warriors,North Carolina,2012,1,7,7,Harrison Barnes,Harrison Barnes_2012,North Carolina
Terrence Ross,Toronto Raptors,Washington,2012,1,8,8,Terrence Ross,Terrence Ross_2012,Washington
Andre Drummond,Detroit Pistons,Connecticut,2012,1,9,9,Andre Drummond,Andre Drummond_2012,Connecticut
Austin Rivers,New Orleans Hornets,Duke,2012,1,10,10,Austin Rivers,Austin Rivers_2012,Duke
Meyers Leonard,Portland Trail Blazers,Illinois,2012,1,11,11,Meyers Leonard,Meyers Leonard_2012,Illinois
Jeremy Lamb,Houston Rockets,Connecticut,2012,1,12,12,Jeremy Lamb,Jeremy Lamb_2012,Connecticut
Kendall Marshall,Phoenix Suns,North Carolina,2012,1,13,13,Kendall Marshall,Kendall Marshall_2012,North Carolina
John Henson,Milwaukee Bucks,North Carolina,2012,1,14,14,John Henson,John Henson_2012,North Carolina
Maurice Harkless,Philadelphia 76ers,St. John's (NY),2012,1,15,15,Maurice Harkless,Maurice Harkless_2012,St. John's
Royce White,Houston Rockets,Iowa State,2012,1,16,16,Royce White,Royce White_2012,Iowa St.
Tyler Zeller,Dallas Mavericks,North Carolina,2012,1,17,17,Tyler Zeller,Tyler Zeller_2012,North Carolina
Terrence Jones,Houston Rockets,Kentucky,2012,1,18,18,Terrence Jones,Terrence Jones_2012,Kentucky
Andrew Nicholson,Orlando Magic,St. Bonaventure,2012,1,19,19,Andrew Nicholson,Andrew Nicholson_2012,St. Bonaventure
Evan Fournier,Denver Nuggets,Poitiers Basket 86 (France),2012,1,20,20,Evan Fournier,Evan Fournier_2012,Poitiers Basket 86 (France)
Jared Sullinger,Boston Celtics,Ohio State,2012,1,21,21,Jared Sullinger,Jared Sullinger_2012,Ohio St.
Fab Melo,Boston Celtics,Syracuse,2012,1,22,22,Fab Melo,Fab Melo_2012,Syracuse
John Jenkins,Atlanta Hawks,Vanderbilt,2012,1,23,23,John Jenkins,John Jenkins_2012,Vanderbilt
Jared Cunningham,Cleveland Cavaliers,Oregon State,2012,1,24,24,Jared Cunningham,Jared Cunningham_2012,Oregon St.
Tony Wroten,Memphis Grizzlies,Washington,2012,1,25,25,Tony Wroten,Tony Wroten_2012,Washington
Miles Plumlee,Indiana Pacers,Duke,2012,1,26,26,Miles Plumlee,Miles Plumlee_2012,Duke
Arnett Moultrie,Miami Heat,Mississippi State,2012,1,27,27,Arnett Moultrie,Arnett Moultrie_2012,Mississippi St.
Perry Jones III,Oklahoma City Thunder,Baylor,2012,1,28,28,Perry Jones Iii,Perry Jones Iii_2012,Baylor
Marquis Teague,Chicago Bulls,Kentucky,2012,1,29,29,Marquis Teague,Marquis Teague_2012,Kentucky
Festus Ezeli,Golden State Warriors,Vanderbilt,2012,1,30,30,Festus Ezeli,Festus Ezeli_2012,Vanderbilt
Jeffery Taylor,Charlotte Bobcats,Vanderbilt,2012,2,1,31,Jeffery Taylor,Jeffery Taylor_2012,Vanderbilt
Tomas Satoransky,Washington Wizards,CB Sevilla (Spain),2012,2,2,32,Tomas Satoransky,Tomas Satoransky_2012,CB Sevilla (Spain)
Bernard James,Cleveland Cavaliers,Florida State,2012,2,3,33,Bernard James,Bernard James_2012,Florida St.
Jae Crowder,Cleveland Cavaliers,Marquette,2012,2,4,34,Jae Crowder,Jae Crowder_2012,Marquette
Draymond Green,Golden State Warriors,Michigan State,2012,2,5,35,Draymond Green,Draymond Green_2012,Michigan St.
Orlando Johnson,Sacramento Kings,California-Santa Barbara,2012,2,6,36,Orlando Johnson,Orlando Johnson_2012,UC Santa Barbara
Quincy Acy,Toronto Raptors,Baylor,2012,2,7,37,Quincy Acy,Quincy Acy_2012,Baylor
Quincy Miller,Denver Nuggets,Baylor,2012,2,8,38,Quincy Miller,Quincy Miller_2012,Baylor
Khris Middleton,Detroit Pistons,Texas A&M,2012,2,9,39,Khris Middleton,Khris Middleton_2012,Texas A&M
Will Barton,Portland Trail Blazers,Memphis,2012,2,10,40,Will Barton,Will Barton_2012,Memphis
Tyshawn Taylor,Portland Trail Blazers,Kansas,2012,2,11,41,Tyshawn Taylor,Tyshawn Taylor_2012,Kansas
Doron Lamb,Milwaukee Bucks,Kentucky,2012,2,12,42,Doron Lamb,Doron Lamb_2012,Kentucky
Mike Scott,Atlanta Hawks,Virginia,2012,2,13,43,Mike Scott,Mike Scott_2012,Virginia
Kim English,Detroit Pistons,Missouri,2012,2,14,44,Kim English,Kim English_2012,Missouri
Justin Hamilton,Philadelphia 76ers,Louisiana State,2012,2,15,45,Justin Hamilton,Justin Hamilton_2012,Louisiana Tech
Darius Miller,New Orleans Hornets,Kentucky,2012,2,16,46,Darius Miller,Darius Miller_2012,Kentucky
Kevin Murphy,Utah Jazz,Tennessee Tech,2012,2,17,47,Kevin Murphy,Kevin Murphy_2012,Tennessee Tech
Kostas Papanikolaou,New York Knicks,Olympiacos B.C. (Greece),2012,2,18,48,Kostas Papanikolaou,Kostas Papanikolaou_2012,Olympiacos B.C. (Greece)
Kyle O'Quinn,Orlando Magic,Norfolk State,2012,2,19,49,Kyle O'Quinn,Kyle O'Quinn_2012,Norfolk St.
Izzet Turkyilmaz,Denver Nuggets,Banvit B.K. (Turkey),2012,2,20,50,Izzet Turkyilmaz,Izzet Turkyilmaz_2012,Banvit B.K. (Turkey)
Kris Joseph,Boston Celtics,Syracuse,2012,2,21,51,Kris Joseph,Kris Joseph_2012,Syracuse
Ognjen Kuzmic,Golden State Warriors,CB Axarquia (Spain),2012,2,22,52,Ognjen Kuzmic,Ognjen Kuzmic_2012,CB Axarquia (Spain)
Furkan Aldemir,Los Angeles Clippers,Galatasaray S.K. (Turkey),2012,2,23,53,Furkan Aldemir,Furkan Aldemir_2012,Galatasaray S.K. (Turkey)
Tornike Shengelia,Philadelphia 76ers,Georgia,2012,2,24,54,Tornike Shengelia,Tornike Shengelia_2012,Georgia
Darius Johnson-Odom,Dallas Mavericks,Marquette,2012,2,25,55,Darius Johnson-Odom,Darius Johnson-Odom_2012,Marquette
Tomislav Zubcic,Toronto Raptors,KK Cibona (Croatia),2012,2,26,56,Tomislav Zubcic,Tomislav Zubcic_2012,KK Cibona (Croatia)
Ilkan Karaman,Brooklyn Nets,Pinar Karsiyaka (Turkey),2012,2,27,57,Ilkan Karaman,Ilkan Karaman_2012,Pinar Karsiyaka (Turkey)
Robbie Hummel,Minnesota Timberwolves,Purdue,2012,2,28,58,Robbie Hummel,Robbie Hummel_2012,Purdue
Marcus Denmon,San Antonio Spurs,Missouri,2012,2,29,59,Marcus Denmon,Marcus Denmon_2012,Missouri
Robert Sacre,Los Angeles Lakers,Gonzaga,2012,2,30,60,Robert Sacre,Robert Sacre_2012,Gonzaga
Kyrie Irving,Cleveland Cavaliers,Duke,2011,1,1,1,Kyrie Irving,Kyrie Irving_2011,Duke
Derrick Williams,Minnesota Timberwolves,Arizona,2011,1,2,2,Derrick Williams,Derrick Williams_2011,Arizona
Enes Kanter,Utah Jazz,Kentucky,2011,1,3,3,Enes Kanter,Enes Kanter_2011,Kentucky
Tristan Thompson,Cleveland Cavaliers,Texas,2011,1,4,4,Tristan Thompson,Tristan Thompson_2011,Texas
Jonas Valanciunas,Toronto Raptors,BC Lietuvos rytas (Lithuania),2011,1,5,5,Jonas Valanciunas,Jonas Valanciunas_2011,BC Lietuvos rytas (Lithuania)
Jan Vesely,Washington Wizards,KK Partizan (Serbia),2011,1,6,6,Jan Vesely,Jan Vesely_2011,KK Partizan (Serbia)
Bismack Biyombo,Sacramento Kings,Baloncesto Fuenlabrada (Spain),2011,1,7,7,Bismack Biyombo,Bismack Biyombo_2011,Baloncesto Fuenlabrada (Spain)
Brandon Knight,Detroit Pistons,Kentucky,2011,1,8,8,Brandon Knight,Brandon Knight_2011,Kentucky
Kemba Walker,Charlotte Bobcats,Connecticut,2011,1,9,9,Kemba Walker,Kemba Walker_2011,Connecticut
Jimmer Fredette,Milwaukee Bucks,Brigham Young,2011,1,10,10,Jimmer Fredette,Jimmer Fredette_2011,Brigham Young
Klay Thompson,Golden State Warriors,Washington State,2011,1,11,11,Klay Thompson,Klay Thompson_2011,Washington St.
Alec Burks,Utah Jazz,Colorado,2011,1,12,12,Alec Burks,Alec Burks_2011,Colorado
Markieff Morris,Phoenix Suns,Kansas,2011,1,13,13,Markieff Morris,Markieff Morris_2011,Kansas
Marcus Morris Sr.,Houston Rockets,Kansas,2011,1,14,14,Marcus Morris Sr,Marcus Morris Sr_2011,Kansas
Kawhi Leonard,Indiana Pacers,San Diego State,2011,1,15,15,Kawhi Leonard,Kawhi Leonard_2011,San Diego St.
Nikola Vucevic,Philadelphia 76ers,Southern California,2011,1,16,16,Nikola Vucevic,Nikola Vucevic_2011,Southern California
Iman Shumpert,New York Knicks,Georgia Tech,2011,1,17,17,Iman Shumpert,Iman Shumpert_2011,Georgia Tech
Chris Singleton,Washington Wizards,Florida State,2011,1,18,18,Chris Singleton,Chris Singleton_2011,Florida St.
Tobias Harris,Charlotte Bobcats,Tennessee,2011,1,19,19,Tobias Harris,Tobias Harris_2011,Tennessee
Donatas Motiejunas,Minnesota Timberwolves,Universo Treviso Basket (Italy),2011,1,20,20,Donatas Motiejunas,Donatas Motiejunas_2011,Universo Treviso Basket (Italy)
Nolan Smith,Portland Trail Blazers,Duke,2011,1,21,21,Nolan Smith,Nolan Smith_2011,Duke
Kenneth Faried,Denver Nuggets,Morehead State,2011,1,22,22,Kenneth Faried,Kenneth Faried_2011,Morehead St.
Nikola Mirotic,Houston Rockets,Real Madrid Baloncesto (Spain),2011,1,23,23,Nikola Mirotic,Nikola Mirotic_2011,Real Madrid Baloncesto (Spain)
Reggie Jackson,Oklahoma City Thunder,Boston College,2011,1,24,24,Reggie Jackson,Reggie Jackson_2011,Boston College
MarShon Brooks,Boston Celtics,Providence,2011,1,25,25,Marshon Brooks,Marshon Brooks_2011,Providence
Jordan Hamilton,Dallas Mavericks,Texas,2011,1,26,26,Jordan Hamilton,Jordan Hamilton_2011,Texas
JaJuan Johnson,New Jersey Nets,Purdue,2011,1,27,27,Jajuan Johnson,Jajuan Johnson_2011,Purdue
Norris Cole,Chicago Bulls,Cleveland State,2011,1,28,28,Norris Cole,Norris Cole_2011,Cleveland St.
Cory Joseph,San Antonio Spurs,Texas,2011,1,29,29,Cory Joseph,Cory Joseph_2011,Texas
Jimmy Butler,Chicago Bulls,Marquette,2011,1,30,30,Jimmy Butler,Jimmy Butler_2011,Marquette
Bojan Bogdanovic,Miami Heat,KK Partizan (Serbia),2011,2,1,31,Bojan Bogdanovic,Bojan Bogdanovic_2011,KK Partizan (Serbia)
Justin Harper,Cleveland Cavaliers,Richmond,2011,2,2,32,Justin Harper,Justin Harper_2011,Richmond
Kyle Singler,Detroit Pistons,Duke,2011,2,3,33,Kyle Singler,Kyle Singler_2011,Duke
Shelvin Mack,Washington Wizards,Butler,2011,2,4,34,Shelvin Mack,Shelvin Mack_2011,Butler
Tyler Honeycutt,Sacramento Kings,California-Los Angeles,2011,2,5,35,Tyler Honeycutt,Tyler Honeycutt_2011,California-Los Angeles
Jordan Williams,New Jersey Nets,Maryland,2011,2,6,36,Jordan Williams,Jordan Williams_2011,Maryland
Trey Thompkins,Los Angeles Clippers,Georgia,2011,2,7,37,Trey Thompkins,Trey Thompkins_2011,Georgia
Chandler Parsons,Houston Rockets,Florida,2011,2,8,38,Chandler Parsons,Chandler Parsons_2011,Florida
Jeremy Tyler,Charlotte Bobcats,Tokyo Apache (Japan),2011,2,9,39,Jeremy Tyler,Jeremy Tyler_2011,Tokyo Apache (Japan)
Jon Leuer,Milwaukee Bucks,Wisconsin,2011,2,10,40,Jon Leuer,Jon Leuer_2011,Wisconsin
Darius Morris,Los Angeles Lakers,Michigan,2011,2,11,41,Darius Morris,Darius Morris_2011,Michigan
Davis Bertans,Indiana Pacers,KK Olimpija (Slovenia),2011,2,12,42,Davis Bertans,Davis Bertans_2011,KK Olimpija (Slovenia)
Malcolm Lee,Chicago Bulls,California-Los Angeles,2011,2,13,43,Malcolm Lee,Malcolm Lee_2011,California-Los Angeles
Charles Jenkins,Golden State Warriors,Hofstra,2011,2,14,44,Charles Jenkins,Charles Jenkins_2011,Hofstra
Josh Harrellson,New Orleans Hornets,Kentucky,2011,2,15,45,Josh Harrellson,Josh Harrellson_2011,Kentucky
Andrew Goudelock,Los Angeles Lakers,College of Charleston,2011,2,16,46,Andrew Goudelock,Andrew Goudelock_2011,College of Charleston
Travis Leslie,Los Angeles Clippers,Georgia,2011,2,17,47,Travis Leslie,Travis Leslie_2011,Georgia
Keith Benson,Atlanta Hawks,Oakland,2011,2,18,48,Keith Benson,Keith Benson_2011,Oakland
Josh Selby,Memphis Grizzlies,Kansas,2011,2,19,49,Josh Selby,Josh Selby_2011,Kansas
Lavoy Allen,Philadelphia 76ers,Temple,2011,2,20,50,Lavoy Allen,Lavoy Allen_2011,Temple
Jon Diebler,Portland Trail Blazers,Ohio State,2011,2,21,51,Jon Diebler,Jon Diebler_2011,Ohio St.
Vernon Macklin,Detroit Pistons,Florida,2011,2,22,52,Vernon Macklin,Vernon Macklin_2011,Florida
DeAndre Liggins,Orlando Magic,Kentucky,2011,2,23,53,Deandre Liggins,Deandre Liggins_2011,Kentucky
MIlan Macvan,Cleveland Cavaliers,Maccabi Tel Aviv B.C. (Israel),2011,2,24,54,Milan Macvan,Milan Macvan_2011,Maccabi Tel Aviv B.C. (Israel)
E'Twaun Moore,Boston Celtics,Purdue,2011,2,25,55,E'Twaun Moore,E'Twaun Moore_2011,Purdue
Chukwudiebere Maduabum,Los Angeles Lakers,Bakersfield Jam (D-League),2011,2,26,56,Chukwudiebere Maduabum,Chukwudiebere Maduabum_2011,Bakersfield Jam (D-League)
Tanguy Ngombo,Dallas Mavericks,Al Rayyan Basketball Team (Qatar),2011,2,27,57,Tanguy Ngombo,Tanguy Ngombo_2011,Al Rayyan Basketball Team (Qatar)
Ater Majok,Los Angeles Lakers,Gold Coast Blaze (Australia),2011,2,28,58,Ater Majok,Ater Majok_2011,Gold Coast Blaze (Australia)
Adam Hanga,San Antonio Spurs,Alba Fehervar (Hungary),2011,2,29,59,Adam Hanga,Adam Hanga_2011,Alba Fehervar (Hungary)
Isaiah Thomas,Sacramento Kings,Washington,2011,2,30,60,Isaiah Thomas,Isaiah Thomas_2011,Washington
John Wall,Washington Wizards,Kentucky,2010,1,1,1,John Wall,John Wall_2010,Kentucky
Evan Turner,Philadelphia 76ers,Ohio State,2010,1,2,2,Evan Turner,Evan Turner_2010,Ohio St.
Derrick Favors,New Jersey Nets,Georgia Tech,2010,1,3,3,Derrick Favors,Derrick Favors_2010,Georgia Tech
Wesley Johnson,Minnesota Timberwolves,Syracuse,2010,1,4,4,Wesley Johnson,Wesley Johnson_2010,Syracuse
DeMarcus Cousins,Sacramento Kings,Kentucky,2010,1,5,5,Demarcus Cousins,Demarcus Cousins_2010,Kentucky
Ekpe Udoh,Golden State Warriors,Baylor,2010,1,6,6,Ekpe Udoh,Ekpe Udoh_2010,Baylor
Greg Monroe,Detroit Pistons,Georgetown,2010,1,7,7,Greg Monroe,Greg Monroe_2010,Georgetown
Al-Farouq Aminu,Los Angeles Clippers,Wake Forest,2010,1,8,8,Al-Farouq Aminu,Al-Farouq Aminu_2010,Wake Forest
Gordon Hayward,Utah Jazz,Butler,2010,1,9,9,Gordon Hayward,Gordon Hayward_2010,Butler
Paul George,Indiana Pacers,Fresno State,2010,1,10,10,Paul George,Paul George_2010,Fresno St.
Cole Aldrich,New Orleans Hornets,Kansas,2010,1,11,11,Cole Aldrich,Cole Aldrich_2010,Kansas
Xavier Henry,Memphis Grizzlies,Kansas,2010,1,12,12,Xavier Henry,Xavier Henry_2010,Kansas
Ed Davis,Toronto Raptors,North Carolina,2010,1,13,13,Ed Davis,Ed Davis_2010,North Carolina
Patrick Patterson,Houston Rockets,Kentucky,2010,1,14,14,Patrick Patterson,Patrick Patterson_2010,Kentucky
Larry Sanders,Milwaukee Bucks,Virginia Commonwealth,2010,1,15,15,Larry Sanders,Larry Sanders_2010,Virginia Commonwealth
Luke Babbitt,Minnesota Timberwolves,Nevada-Reno,2010,1,16,16,Luke Babbitt,Luke Babbitt_2010,Nevada-Reno
Kevin Seraphin,Chicago Bulls,Cholet Basket (France),2010,1,17,17,Kevin Seraphin,Kevin Seraphin_2010,Cholet Basket (France)
Eric Bledsoe,Oklahoma City Thunder,Kentucky,2010,1,18,18,Eric Bledsoe,Eric Bledsoe_2010,Kentucky
Avery Bradley,Boston Celtics,Texas,2010,1,19,19,Avery Bradley,Avery Bradley_2010,Texas
James Anderson,San Antonio Spurs,Oklahoma State,2010,1,20,20,James Anderson,James Anderson_2010,Oklahoma St.
Craig Brackins,Oklahoma City Thunder,Iowa State,2010,1,21,21,Craig Brackins,Craig Brackins_2010,Iowa St.
Elliot Williams,Portland Trail Blazers,Memphis,2010,1,22,22,Elliot Williams,Elliot Williams_2010,Memphis
Trevor Booker,Minnesota Timberwolves,Clemson,2010,1,23,23,Trevor Booker,Trevor Booker_2010,Clemson
Damion James,Atlanta Hawks,Texas,2010,1,24,24,Damion James,Damion James_2010,Texas
Dominique Jones,Memphis Grizzlies,South Florida,2010,1,25,25,Dominique Jones,Dominique Jones_2010,South Florida
Quincy Pondexter,Oklahoma City Thunder,Washington,2010,1,26,26,Quincy Pondexter,Quincy Pondexter_2010,Washington
Jordan Crawford,New Jersey Nets,Xavier,2010,1,27,27,Jordan Crawford,Jordan Crawford_2010,Xavier
Greivis Vasquez,Memphis Grizzlies,Maryland,2010,1,28,28,Greivis Vasquez,Greivis Vasquez_2010,Maryland
Daniel Orton,Orlando Magic,Kentucky,2010,1,29,29,Daniel Orton,Daniel Orton_2010,Kentucky
Lazar Hayward,Washington Wizards,Marquette,2010,1,30,30,Lazar Hayward,Lazar Hayward_2010,Marquette
Tibor Pleiss,New Jersey Nets,Brose Baskets (Germany),2010,2,1,31,Tibor Pleiss,Tibor Pleiss_2010,Brose Baskets (Germany)
Dexter Pittman,Miami Heat,Texas,2010,2,2,32,Dexter Pittman,Dexter Pittman_2010,Texas
Hassan Whiteside,Sacramento Kings,Marshall,2010,2,3,33,Hassan Whiteside,Hassan Whiteside_2010,Marshall
Armon Johnson,Portland Trail Blazers,Nevada-Reno,2010,2,4,34,Armon Johnson,Armon Johnson_2010,Nevada-Reno
Nemanja Bjelica,Washington Wizards,KK Crvena zvezda (Serbia),2010,2,5,35,Nemanja Bjelica,Nemanja Bjelica_2010,KK Crvena zvezda (Serbia)
Terrico White,Detroit Pistons,Mississippi,2010,2,6,36,Terrico White,Terrico White_2010,Mississippi
Darington Hobson,Milwaukee Bucks,New Mexico,2010,2,7,37,Darington Hobson,Darington Hobson_2010,New Mexico
Andy Rautins,New York Knicks,Syracuse,2010,2,8,38,Andy Rautins,Andy Rautins_2010,Syracuse
Landry Fields,New York Knicks,Stanford,2010,2,9,39,Landry Fields,Landry Fields_2010,Stanford
Lance Stephenson,Indiana Pacers,Cincinnati,2010,2,10,40,Lance Stephenson,Lance Stephenson_2010,Cincinnati
Jarvis Varnado,Miami Heat,Mississippi State,2010,2,11,41,Jarvis Varnado,Jarvis Varnado_2010,Mississippi St.
Da'Sean Butler,Miami Heat,West Virginia,2010,2,12,42,Da'Sean Butler,Da'Sean Butler_2010,West Virginia
Devin Ebanks,Los Angeles Lakers,West Virginia,2010,2,13,43,Devin Ebanks,Devin Ebanks_2010,West Virginia
Jerome Jordan,Milwaukee Bucks,Tulsa,2010,2,14,44,Jerome Jordan,Jerome Jordan_2010,Tulsa
Paulao Prestes,Minnesota Timberwolves,CB Murcia (Spain),2010,2,15,45,Paulao Prestes,Paulao Prestes_2010,CB Murcia (Spain)
Gani Lawal,Phoenix Suns,Georgia Tech,2010,2,16,46,Gani Lawal,Gani Lawal_2010,Georgia Tech
Tiny Gallon,Milwaukee Bucks,Oklahoma,2010,2,17,47,Tiny Gallon,Tiny Gallon_2010,Oklahoma
Latavious Williams,Miami Heat,Tulsa 66ers (D-League),2010,2,18,48,Latavious Williams,Latavious Williams_2010,Tulsa 66ers (D-League)
Ryan Richards,San Antonio Spurs,CB Gran Canaria (Spain),2010,2,19,49,Ryan Richards,Ryan Richards_2010,CB Gran Canaria (Spain)
Solomon Alabi,Dallas Mavericks,Florida State,2010,2,20,50,Solomon Alabi,Solomon Alabi_2010,Florida St.
Magnum Rolle,Oklahoma City Thunder,Louisiana Tech,2010,2,21,51,Magnum Rolle,Magnum Rolle_2010,Louisiana Tech
Luke Harangody,Boston Celtics,Notre Dame,2010,2,22,52,Luke Harangody,Luke Harangody_2010,Notre Dame
Pape Sy,Atlanta Hawks,STB Le Havre (France),2010,2,23,53,Pape Sy,Pape Sy_2010,STB Le Havre (France)
Willie Warren,Los Angeles Clippers,Oklahoma,2010,2,24,54,Willie Warren,Willie Warren_2010,Oklahoma
Jeremy Evans,Utah Jazz,Western Kentucky,2010,2,25,55,Jeremy Evans,Jeremy Evans_2010,Western Kentucky
Hamady Ndiaye,Minnesota Timberwolves,Rutgers,2010,2,26,56,Hamady Ndiaye,Hamady Ndiaye_2010,Rutgers
Ryan Reid,Indiana Pacers,Florida State,2010,2,27,57,Ryan Reid,Ryan Reid_2010,Florida St.
Derrick Caracter,Los Angeles Lakers,Texas-El Paso,2010,2,28,58,Derrick Caracter,Derrick Caracter_2010,Texas-El Paso
Stanley Robinson,Orlando Magic,Connecticut,2010,2,29,59,Stanley Robinson,Stanley Robinson_2010,Connecticut
Dwayne Collins,Phoenix Suns,Miami (FL),2010,2,30,60,Dwayne Collins,Dwayne Collins_2010,Miami FL
Blake Griffin,Los Angeles Clippers,Oklahoma,2009,1,1,1,Blake Griffin,Blake Griffin_2009,Oklahoma
Hasheem Thabeet,Memphis Grizzlies,Connecticut,2009,1,2,2,Hasheem Thabeet,Hasheem Thabeet_2009,Connecticut
James Harden,Oklahoma City Thunder,Arizona State,2009,1,3,3,James Harden,James Harden_2009,Arizona St.
Tyreke Evans,Sacramento Kings,Memphis,2009,1,4,4,Tyreke Evans,Tyreke Evans_2009,Memphis
Ricky Rubio,Minnesota Timberwolves,Joventut Badalona (Spain),2009,1,5,5,Ricky Rubio,Ricky Rubio_2009,Joventut Badalona (Spain)
Jonny Flynn,Minnesota Timberwolves,Syracuse,2009,1,6,6,Jonny Flynn,Jonny Flynn_2009,Syracuse
Stephen Curry,Golden State Warriors,Davidson,2009,1,7,7,Stephen Curry,Stephen Curry_2009,Davidson
Jordan Hill,New York Knicks,Arizona,2009,1,8,8,Jordan Hill,Jordan Hill_2009,Arizona
DeMar DeRozan,Toronto Raptors,Southern California,2009,1,9,9,Demar Derozan,Demar Derozan_2009,Southern California
Brandon Jennings,Milwaukee Bucks,Pallacanestro Virtus Roma (Italy),2009,1,10,10,Brandon Jennings,Brandon Jennings_2009,Pallacanestro Virtus Roma (Italy)
Terrence Williams,New Jersey Nets,Louisville,2009,1,11,11,Terrence Williams,Terrence Williams_2009,Louisville
Gerald Henderson,Charlotte Bobcats,Duke,2009,1,12,12,Gerald Henderson,Gerald Henderson_2009,Duke
Tyler Hansbrough,Indiana Pacers,North Carolina,2009,1,13,13,Tyler Hansbrough,Tyler Hansbrough_2009,North Carolina
Earl Clark,Phoenix Suns,Louisville,2009,1,14,14,Earl Clark,Earl Clark_2009,Louisville
Austin Daye,Detroit Pistons,Gonzaga,2009,1,15,15,Austin Daye,Austin Daye_2009,Gonzaga
James Johnson,Chicago Bulls,Wake Forest,2009,1,16,16,James Johnson,James Johnson_2009,Wake Forest
Jrue Holiday,Philadelphia 76ers,California-Los Angeles,2009,1,17,17,Jrue Holiday,Jrue Holiday_2009,California-Los Angeles
Ty Lawson,Minnesota Timberwolves,North Carolina,2009,1,18,18,Ty Lawson,Ty Lawson_2009,North Carolina
Jeff Teague,Atlanta Hawks,Wake Forest,2009,1,19,19,Jeff Teague,Jeff Teague_2009,Wake Forest
Eric Maynor,Utah Jazz,Virginia Commonwealth,2009,1,20,20,Eric Maynor,Eric Maynor_2009,Virginia Commonwealth
Darren Collison,New Orleans Hornets,California-Los Angeles,2009,1,21,21,Darren Collison,Darren Collison_2009,California-Los Angeles
Victor Claver,Portland Trail Blazers,Valencia BC (Spain),2009,1,22,22,Victor Claver,Victor Claver_2009,Valencia BC (Spain)
Omri Casspi,Sacramento Kings,Maccabi Tel Aviv B.C. (Israel),2009,1,23,23,Omri Casspi,Omri Casspi_2009,Maccabi Tel Aviv B.C. (Israel)
Byron Mullens,Dallas Mavericks,Ohio State,2009,1,24,24,Byron Mullens,Byron Mullens_2009,Ohio St.
Rodrigue Beaubois,Oklahoma City Thunder,Cholet Basket (France),2009,1,25,25,Rodrigue Beaubois,Rodrigue Beaubois_2009,Cholet Basket (France)
Taj Gibson,Chicago Bulls,Southern California,2009,1,26,26,Taj Gibson,Taj Gibson_2009,Southern California
DeMarre Carroll,Memphis Grizzlies,Missouri,2009,1,27,27,Demarre Carroll,Demarre Carroll_2009,Missouri
Wayne Ellington,Minnesota Timberwolves,North Carolina,2009,1,28,28,Wayne Ellington,Wayne Ellington_2009,North Carolina
Toney Douglas,Los Angeles Lakers,Florida State,2009,1,29,29,Toney Douglas,Toney Douglas_2009,Florida St.
Christian Eyenga,Cleveland Cavaliers,CB Prat (Spain),2009,1,30,30,Christian Eyenga,Christian Eyenga_2009,CB Prat (Spain)
Jeff Ayres,Sacramento Kings,Arizona State,2009,2,1,31,Jeff Ayres,Jeff Ayres_2009,Arizona St.
Jermaine Taylor,Washington Wizards,Central Florida,2009,2,2,32,Jermaine Taylor,Jermaine Taylor_2009,Central Florida
Dante Cunningham,Portland Trail Blazers,Villanova,2009,2,3,33,Dante Cunningham,Dante Cunningham_2009,Villanova
Sergio Llull,Denver Nuggets,Real Madrid Baloncesto (Spain),2009,2,4,34,Sergio Llull,Sergio Llull_2009,Real Madrid Baloncesto (Spain)
DaJuan Summers,Detroit Pistons,Georgetown,2009,2,5,35,Dajuan Summers,Dajuan Summers_2009,Georgetown
Sam Young,Memphis Grizzlies,Pittsburgh,2009,2,6,36,Sam Young,Sam Young_2009,Pittsburgh
DeJuan Blair,San Antonio Spurs,Pittsburgh,2009,2,7,37,Dejuan Blair,Dejuan Blair_2009,Pittsburgh
Jon Brockman,Portland Trail Blazers,Washington,2009,2,8,38,Jon Brockman,Jon Brockman_2009,Washington
Jonas Jerebko,Detroit Pistons,Pallacanestro Biella (Italy),2009,2,9,39,Jonas Jerebko,Jonas Jerebko_2009,Pallacanestro Biella (Italy)
Derrick Brown,Charlotte Bobcats,Xavier,2009,2,10,40,Derrick Brown,Derrick Brown_2009,Xavier
Jodie Meeks,Milwaukee Bucks,Kentucky,2009,2,11,41,Jodie Meeks,Jodie Meeks_2009,Kentucky
Patrick Beverley,Los Angeles Lakers,BC Dnipro (Ukraine),2009,2,12,42,Patrick Beverley,Patrick Beverley_2009,BC Dnipro (Ukraine)
Marcus Thornton,Miami Heat,Louisiana State,2009,2,13,43,Marcus Thornton,Marcus Thornton_2009,Louisiana Tech
Chase Budinger,Detroit Pistons,Arizona,2009,2,14,44,Chase Budinger,Chase Budinger_2009,Arizona
Nick Calathes,Minnesota Timberwolves,Florida,2009,2,15,45,Nick Calathes,Nick Calathes_2009,Florida
Danny Green,Cleveland Cavaliers,North Carolina,2009,2,16,46,Danny Green,Danny Green_2009,North Carolina
Henk Norel,Minnesota Timberwolves,Joventut Badalona (Spain),2009,2,17,47,Henk Norel,Henk Norel_2009,Joventut Badalona (Spain)
Taylor Griffin,Phoenix Suns,Oklahoma,2009,2,18,48,Taylor Griffin,Taylor Griffin_2009,Oklahoma
Sergiy Gladyr,Atlanta Hawks,MBC Mykolaiv (Ukraine),2009,2,19,49,Sergiy Gladyr,Sergiy Gladyr_2009,MBC Mykolaiv (Ukraine)
Goran Suton,Utah Jazz,Michigan State,2009,2,20,50,Goran Suton,Goran Suton_2009,Michigan St.
Jack McClinton,San Antonio Spurs,Miami (FL),2009,2,21,51,Jack McClinton,Jack McClinton_2009,Miami FL
AJ Price,Indiana Pacers,Connecticut,2009,2,22,52,Aj Price,Aj Price_2009,Connecticut
Nando De Colo,San Antonio Spurs,Cholet Basket (France),2009,2,23,53,Nando De Colo,Nando De Colo_2009,Cholet Basket (France)
Robert Vaden,Charlotte Bobcats,Alabama-Birmingham,2009,2,24,54,Robert Vaden,Robert Vaden_2009,Alabama-Birmingham
Patty Mills,Portland Trail Blazers,St. Mary's (CA),2009,2,25,55,Patty Mills,Patty Mills_2009,St. Mary's (CA)
Ahmad Nivins,Dallas Mavericks,Saint Joseph's,2009,2,26,56,Ahmad Nivins,Ahmad Nivins_2009,Saint Joseph's
Emir Preldzic,Phoenix Suns,Fenerbahce S.K. (Turkey),2009,2,27,57,Emir Preldzic,Emir Preldzic_2009,Fenerbahce S.K. (Turkey)
Lester Hudson,Boston Celtics,Tennessee-Martin,2009,2,28,58,Lester Hudson,Lester Hudson_2009,Tennessee Martin
Chinemelu Elonu,Los Angeles Lakers,Texas A&M,2009,2,29,59,Chinemelu Elonu,Chinemelu Elonu_2009,Texas A&M
Robert Dozier,Miami Heat,Memphis,2009,2,30,60,Robert Dozier,Robert Dozier_2009,Memphis
