player_name_original,player_name_clean,source
A'uston Calhoun,A'Uston Calhoun,college_stats
A.C. Reid,Ac Reid,college_stats
A.D. Vassallo,Ad Vassallo,college_stats
A.J. Abrams,Aj Abrams,college_stats
A.J. Astroth,Aj Astroth,college_stats
A.J. Avery,Aj Avery,college_stats
A.J. Banks,Aj Banks,college_stats
A.J. Bowers,Aj Bowers,college_stats
A.J. Burch,Aj Burch,college_stats
A.J. Caldwell,Aj Caldwell,college_stats
A.J. Cheeseman,Aj Cheeseman,college_stats
A.J. Cockrell,Aj Cockrell,college_stats
A.J. Davis,Aj Davis,college_stats
A.J. English,Aj English,college_stats
A.J. Frazier,Aj Frazier,college_stats
A.J. Garden,Aj Garden,college_stats
A.J. Gareri,Aj Gareri,college_stats
A.J. Gasporra,Aj Gasporra,college_stats
A.J. Hammons,Aj Hammons,college_stats
A.J. Hardeman,Aj Hardeman,college_stats
A.J. Harris,Aj Harris,college_stats
A.J. Hawkins,Aj Hawkins,college_stats
A.J. Hess,Aj Hess,college_stats
A.J. Hicks,Aj Hicks,college_stats
A.J. Highsmith,Aj Highsmith,college_stats
A.J. Hoggard,Aj Hoggard,college_stats
A.J. Holland,Aj Holland,college_stats
A.J. Jacobson,Aj Jacobson,college_stats
A.J. John,Aj John,college_stats
A.J. Jones,Aj Jones,college_stats
A.J. Kemp,Aj Kemp,college_stats
A.J. Labriola,Aj Labriola,college_stats
A.J. Lapray,Aj Lapray,college_stats
A.J. Lawson,Aj Lawson,college_stats
A.J. Lynch,Aj Lynch,college_stats
A.J. McGinnis,Aj McGinnis,college_stats
A.J. McNeil,Aj McNeil,college_stats
A.J. Merriweather,Aj Merriweather,college_stats
A.J. Metz,Aj Metz,college_stats
A.J. Mosby,Aj Mosby,college_stats
A.J. Ogilvy,Aj Ogilvy,college_stats
A.J. Oliver II,Aj Oliver Ii,college_stats
A.J. Patty,Aj Patty,college_stats
A.J. Plitzuweit,Aj Plitzuweit,college_stats
A.J. Price,Aj Price,college_stats
A.J. Reeves,Aj Reeves,college_stats
A.J. Riley,Aj Riley,college_stats
A.J. Rogers,Aj Rogers,college_stats
A.J. Rompza,Aj Rompza,college_stats
A.J. Rutter,Aj Rutter,college_stats
A.J. Siebert,Aj Siebert,college_stats
A.J. Slaughter,Aj Slaughter,college_stats
A.J. Smith,Aj Smith,college_stats
A.J. Spencer,Aj Spencer,college_stats
A.J. Staton-McCray,Aj Staton-McCray,college_stats
A.J. Stewart,Aj Stewart,college_stats
A.J. Taylor,Aj Taylor,college_stats
A.J. Toms,Aj Toms,college_stats
A.J. Turner,Aj Turner,college_stats
A.J. Tyler,Aj Tyler,college_stats
A.J. Walker,Aj Walker,college_stats
A.J. Walton,Aj Walton,college_stats
A.J. Wilson,Aj Wilson,college_stats
A.J. Youngman,Aj Youngman,college_stats
AJ Atkinson,Aj Atkinson,college_stats
AJ Bramah,Aj Bramah,college_stats
AJ Brodeur,Aj Brodeur,college_stats
AJ Brown,Aj Brown,college_stats
AJ Edu,Aj Edu,college_stats
AJ Edwards,Aj Edwards,college_stats
AJ Farrar,Aj Farrar,college_stats
AJ Gray,Aj Gray,college_stats
AJ Green,Aj Green,college_stats
AJ Harris,Aj Harris,college_stats
AJ Hedgecock,Aj Hedgecock,college_stats
AJ John,Aj John,college_stats
AJ Lawson,Aj Lawson,college_stats
AJ Lynch,Aj Lynch,college_stats
AJ Martinka,Aj Martinka,college_stats
AJ McBride,Aj McBride,college_stats
AJ Pacher,Aj Pacher,college_stats
AJ Rainey,Aj Rainey,college_stats
AJ Rutter,Aj Rutter,college_stats
AJ Sumbry,Aj Sumbry,college_stats
AJ West,Aj West,college_stats
AJ Wilson,Aj Wilson,college_stats
Aaron DeVAN,Aaron Devan,college_stats
Aaron DeVane,Aaron Devane,college_stats
Aaron Walker Jr.,Aaron Walker Jr,college_stats
Abdoulaye N'doye,Abdoulaye N'Doye,college_stats
Adrian Baldwin Jr.,Adrian Baldwin Jr,college_stats
Adris DeLeon,Adris Deleon,college_stats
Al'lonzo Coleman,Al'Lonzo Coleman,college_stats
Alani Moore II,Alani Moore Ii,college_stats
Alex DeSir,Alex Desir,college_stats
Alex Tabor Jr.,Alex Tabor Jr,college_stats
Allan  Chaney,Allan Chaney,college_stats
Allen Hatchett Jr.,Allen Hatchett Jr,college_stats
Allen Jiles IV,Allen Jiles Iv,college_stats
Alonde LeGrand,Alonde Legrand,college_stats
Alonzo Verge Jr.,Alonzo Verge Jr,college_stats
Alvin Ellis III,Alvin Ellis Iii,college_stats
Ameer Shamssud-din,Ameer Shamssud-Din,college_stats
Andre Charles Jr.,Andre Charles Jr,college_stats
Andre Horne Jr.,Andre Horne Jr,college_stats
Andre Rafus Jr.,Andre Rafus Jr,college_stats
Andrew DelPiero,Andrew Delpiero,college_stats
Andrew Jones III,Andrew Jones Iii,college_stats
Andrew Malveaux III,Andrew Malveaux Iii,college_stats
Andrew White III,Andrew White Iii,college_stats
Anthony Allen Jr.,Anthony Allen Jr,college_stats
Anthony Anderson Jr.,Anthony Anderson Jr,college_stats
Anthony Beane Jr.,Anthony Beane Jr,college_stats
"Anthony Beane, Jr.",Anthony Beane Jr,college_stats
Anthony Cowan Jr.,Anthony Cowan Jr,college_stats
Anthony Davis Jr.,Anthony Davis Jr,college_stats
Anthony DeRiggs,Anthony Deriggs,college_stats
Anthony Lawrence II,Anthony Lawrence Ii,college_stats
Anthony Lawrence Jr.,Anthony Lawrence Jr,college_stats
"Anthony Lawrence, Jr.",Anthony Lawrence Jr,college_stats
Anthony Mason Jr.,Anthony Mason Jr,college_stats
Anthony Oliver II,Anthony Oliver Ii,college_stats
Anthony Pratt Jr.,Anthony Pratt Jr,college_stats
Anthony White Jr.,Anthony White Jr,college_stats
Antoine Smith Jr.,Antoine Smith Jr,college_stats
"Antonio Cowart, Jr.",Antonio Cowart Jr,college_stats
"Antonio Daye, Jr.",Antonio Daye Jr,college_stats
Antonio DiMaria,Antonio Dimaria,college_stats
Antonio Ferrell Jr.,Antonio Ferrell Jr,college_stats
Ar'mond Davis,Ar'Mond Davis,college_stats
Armel TeTe,Armel Tete,college_stats
Arnold  Louis,Arnold Louis,college_stats
Arnold Henderson VI,Arnold Henderson Vi,college_stats
Auryn MacMillan,Auryn Macmillan,college_stats
Avery Anderson III,Avery Anderson Iii,college_stats
Avery Johnson Jr.,Avery Johnson Jr,college_stats
Ayan Nunez de Carvalho,Ayan Nunez De Carvalho,college_stats
B. Artis White,B Artis White,college_stats
B. Paul,B Paul,college_stats
B.J. Bailey,Bj Bailey,college_stats
B.J. Daniels,Bj Daniels,college_stats
B.J. Ford,Bj Ford,college_stats
B.J. Gladden,Bj Gladden,college_stats
B.J. Glasford,Bj Glasford,college_stats
B.J. Greenlee,Bj Greenlee,college_stats
B.J. Holmes,Bj Holmes,college_stats
B.J. Jenkins,Bj Jenkins,college_stats
B.J. Johnson,Bj Johnson,college_stats
B.J. Mack,Bj Mack,college_stats
B.J. Maxwell,Bj Maxwell,college_stats
B.J. Miller,Bj Miller,college_stats
B.J. Monteiro,Bj Monteiro,college_stats
B.J. Porter,Bj Porter,college_stats
B.J. Raymond,Bj Raymond,college_stats
B.J. Shaw,Bj Shaw,college_stats
B.J. Stith,Bj Stith,college_stats
B.J. Taylor,Bj Taylor,college_stats
B.J. Tyson,Bj Tyson,college_stats
B.J. West,Bj West,college_stats
B.K. Ashe,Bk Ashe,college_stats
BJ Duling,Bj Duling,college_stats
BJ Edwards,Bj Edwards,college_stats
BJ Fitzgerald,Bj Fitzgerald,college_stats
BJ Marable,Bj Marable,college_stats
BJ McLaughlin,Bj McLaughlin,college_stats
BJ McLaurin,Bj McLaurin,college_stats
BJ Miller,Bj Miller,college_stats
BJ Simmons,Bj Simmons,college_stats
BJ Taylor,Bj Taylor,college_stats
BJ Young,Bj Young,college_stats
BK Ashe,Bk Ashe,college_stats
Bakari LaStrap,Bakari Lastrap,college_stats
Barlow Alleruzzo IV,Barlow Alleruzzo Iv,college_stats
Barrington Stevens III,Barrington Stevens Iii,college_stats
Barry Brown Jr.,Barry Brown Jr,college_stats
Barry HonorĂŠ,Barry Honor,college_stats
Bassel Saliba Jr.,Bassel Saliba Jr,college_stats
BeJay Corley,Bejay Corley,college_stats
Ben Coupet Jr.,Ben Coupet Jr,college_stats
Ben Drayton III,Ben Drayton Iii,college_stats
Ben Emelogu II,Ben Emelogu Ii,college_stats
Bernardo da Silva,Bernardo Da Silva,college_stats
Berrick JeanLouis,Berrick Jeanlouis,college_stats
Bill Muse Jr.,Bill Muse Jr,college_stats
Billy Garrett Jr.,Billy Garrett Jr,college_stats
Billy Robinson Jr.,Billy Robinson Jr,college_stats
Brandon Boston Jr.,Brandon Boston Jr,college_stats
Brandon Johns Jr.,Brandon Johns Jr,college_stats
Brandon Moore Jr.,Brandon Moore Jr,college_stats
Brandon St. Louis,Brandon St Louis,college_stats
Brett VandenBergh,Brett Vandenbergh,college_stats
Brian Beard Jr.,Brian Beard Jr,college_stats
Brian Coffey II,Brian Coffey Ii,college_stats
Brian Greene Jr.,Brian Greene Jr,college_stats
"Brian Greene, Jr.",Brian Greene Jr,college_stats
Brooks DeBisschop,Brooks Debisschop,college_stats
Bruce Brown Jr.,Bruce Brown Jr,college_stats
Bryan LeDuc,Bryan Leduc,college_stats
Bryan Trimble Jr.,Bryan Trimble Jr,college_stats
Byron Breland III,Byron Breland Iii,college_stats
C. J. Collins,C J Collins,college_stats
C. J. Reed,C J Reed,college_stats
C.J Hyder,Cj Hyder,college_stats
C.J. Aiken,Cj Aiken,college_stats
C.J. Anderson,Cj Anderson,college_stats
C.J. Baird,Cj Baird,college_stats
C.J. Barksdale,Cj Barksdale,college_stats
C.J. Blackwell,Cj Blackwell,college_stats
C.J. Bobbitt,Cj Bobbitt,college_stats
C.J. Bray,Cj Bray,college_stats
C.J. Brim,Cj Brim,college_stats
C.J. Brown,Cj Brown,college_stats
C.J. Bryce,Cj Bryce,college_stats
C.J. Burks,Cj Burks,college_stats
C.J. Carr,Cj Carr,college_stats
C.J. Clark,Cj Clark,college_stats
C.J. Cole,Cj Cole,college_stats
C.J. Collins,Cj Collins,college_stats
C.J. Cooper,Cj Cooper,college_stats
C.J. Duff,Cj Duff,college_stats
C.J. Erickson,Cj Erickson,college_stats
C.J. Fair,Cj Fair,college_stats
C.J. Ford,Cj Ford,college_stats
C.J. Foster,Cj Foster,college_stats
C.J. Garner,Cj Garner,college_stats
C.J. Gettys,Cj Gettys,college_stats
C.J. Hailey,Cj Hailey,college_stats
C.J. Harris,Cj Harris,college_stats
C.J. Henry,Cj Henry,college_stats
C.J. Hill,Cj Hill,college_stats
C.J. Holmes,Cj Holmes,college_stats
C.J. Jackson,Cj Jackson,college_stats
C.J. Jones,Cj Jones,college_stats
C.J. Kelly,Cj Kelly,college_stats
C.J. Keyser,Cj Keyser,college_stats
C.J. Lee,Cj Lee,college_stats
C.J. Leslie,Cj Leslie,college_stats
C.J. McCollum,Cj McCollum,college_stats
C.J. McElrath,Cj McElrath,college_stats
C.J. Mitchell,Cj Mitchell,college_stats
C.J. Neumann,Cj Neumann,college_stats
C.J. Oldham,Cj Oldham,college_stats
C.J. Prince,Cj Prince,college_stats
C.J. Reed,Cj Reed,college_stats
C.J. Reese,Cj Reese,college_stats
C.J. Reid,Cj Reid,college_stats
C.J. Rhodes,Cj Rhodes,college_stats
C.J. Rivers,Cj Rivers,college_stats
C.J. Roberts,Cj Roberts,college_stats
C.J. Seaforth,Cj Seaforth,college_stats
C.J. Turman,Cj Turman,college_stats
C.J. Walker,Cj Walker,college_stats
C.J. Ward,Cj Ward,college_stats
C.J. Washington,Cj Washington,college_stats
C.J. Webster,Cj Webster,college_stats
C.J. Wiggins,Cj Wiggins,college_stats
C.J. Wilbourn,Cj Wilbourn,college_stats
C.J. Wilcher,Cj Wilcher,college_stats
C.J. Wilcox,Cj Wilcox,college_stats
C.J. Wilkerson,Cj Wilkerson,college_stats
C.J. Williams,Cj Williams,college_stats
C.J. Williamson,Cj Williamson,college_stats
C.j. Walker,Cj Walker,college_stats
CJ Carter,Cj Carter,college_stats
CJ Davis,Cj Davis,college_stats
CJ Elleby,Cj Elleby,college_stats
CJ Felder,Cj Felder,college_stats
CJ Fisher,Cj Fisher,college_stats
CJ Fleming,Cj Fleming,college_stats
CJ Fredrick,Cj Fredrick,college_stats
CJ Gettelfinger,Cj Gettelfinger,college_stats
CJ Haut,Cj Haut,college_stats
CJ Huntley,Cj Huntley,college_stats
CJ Jones,Cj Jones,college_stats
CJ Kelly,Cj Kelly,college_stats
CJ Massinburg,Cj Massinburg,college_stats
CJ Melton,Cj Melton,college_stats
CJ Neumann,Cj Neumann,college_stats
CJ Siples,Cj Siples,college_stats
CJ Walker,Cj Walker,college_stats
CJ White,Cj White,college_stats
CJ Williams,Cj Williams,college_stats
CJ Williamson,Cj Williamson,college_stats
Caris LeVert,Caris Levert,college_stats
Carlbe Ervin II,Carlbe Ervin Ii,college_stats
Carlton Allen Jr.,Carlton Allen Jr,college_stats
Carlton Bragg Jr.,Carlton Bragg Jr,college_stats
Carlton Linguard Jr.,Carlton Linguard Jr,college_stats
Cavan LaRose,Cavan Larose,college_stats
Ceasar DeJesus,Ceasar Dejesus,college_stats
Cedric Council Jr.,Cedric Council Jr,college_stats
Cedric Henderson Jr.,Cedric Henderson Jr,college_stats
Cedrick Alley Jr.,Cedrick Alley Jr,college_stats
Ceola Clark III,Ceola Clark Iii,college_stats
ChaRunn Jones,Charunn Jones,college_stats
Chad DeCasas,Chad Decasas,college_stats
Chad DeWitt,Chad Dewitt,college_stats
Charles Brown III,Charles Brown Iii,college_stats
Charles DeCosta,Charles Decosta,college_stats
Charles Hankerson Jr.,Charles Hankerson Jr,college_stats
"Charles Henderson, Jr.",Charles Henderson Jr,college_stats
Charles Hill Jr.,Charles Hill Jr,college_stats
Charles Hill Sr.,Charles Hill Sr,college_stats
Charles Jones Jr.,Charles Jones Jr,college_stats
Charles Manning Jr.,Charles Manning Jr,college_stats
Charles O'Bannon Jr.,Charles O'Bannon Jr,college_stats
Charles Ruise Jr.,Charles Ruise Jr,college_stats
Charles Smith IV,Charles Smith Iv,college_stats
Charles Taylor Jr.,Charles Taylor Jr,college_stats
"Charles Taylor, Jr.",Charles Taylor Jr,college_stats
Charles Thomas IV,Charles Thomas Iv,college_stats
"Charles Thomas, IV",Charles Thomas Iv,college_stats
Charles Tucker Jr.,Charles Tucker Jr,college_stats
Charlie Russell Jr.,Charlie Russell Jr,college_stats
Chaundee Brown Jr.,Chaundee Brown Jr,college_stats
Cheikh N'diaye,Cheikh N'Diaye,college_stats
Chico Carter Jr.,Chico Carter Jr,college_stats
"Chico Carter, JR",Chico Carter Jr,college_stats
Chris  Smith,Chris Smith,college_stats
Chris Corchiani Jr.,Chris Corchiani Jr,college_stats
"Chris Corchiani, Jr.",Chris Corchiani Jr,college_stats
Chris Harris Jr.,Chris Harris Jr,college_stats
Chris Herren Jr.,Chris Herren Jr,college_stats
Chris LaValle,Chris Lavalle,college_stats
Christopher Galbreath Jr.,Christopher Galbreath Jr,college_stats
Chuck O'Bannon Jr.,Chuck O'Bannon Jr,college_stats
Cle'von Greene,Cle'Von Greene,college_stats
Clee Sherrod II,Clee Sherrod Ii,college_stats
Clide Geffrard Jr.,Clide Geffrard Jr,college_stats
Cliff Thomas Jr.,Cliff Thomas Jr,college_stats
Clifton Powell Jr.,Clifton Powell Jr,college_stats
"Clifton Powell, Jr.",Clifton Powell Jr,college_stats
Clive Vaughan Jr.,Clive Vaughan Jr,college_stats
Clyde Smith III,Clyde Smith Iii,college_stats
Cole LaRue,Cole Larue,college_stats
"Colin Golson, Jr.",Colin Golson Jr,college_stats
Connor MacDougall,Connor Macdougall,college_stats
Coreontae DeBerry,Coreontae Deberry,college_stats
Corey Davis Jr.,Corey Davis Jr,college_stats
Corey Douglas Jr.,Corey Douglas Jr,college_stats
Corey Henderson Jr.,Corey Henderson Jr,college_stats
"Corey Henderson, Jr.",Corey Henderson Jr,college_stats
Corey Hilliard Jr.,Corey Hilliard Jr,college_stats
Corey Wright Jr.,Corey Wright Jr,college_stats
Courtney Alexander II,Courtney Alexander Ii,college_stats
Courtney Brown Jr.,Courtney Brown Jr,college_stats
Craig LeCesne,Craig Lecesne,college_stats
Craig Owens Jr.,Craig Owens Jr,college_stats
Craig Porter Jr.,Craig Porter Jr,college_stats
Craig Randall II,Craig Randall Ii,college_stats
Craig Victor II,Craig Victor Ii,college_stats
Cullen VanLeer,Cullen Vanleer,college_stats
Curtis Aiken Jr.,Curtis Aiken Jr,college_stats
Curtis Cobb III,Curtis Cobb Iii,college_stats
Curtis Haywood II,Curtis Haywood Ii,college_stats
Curtis Holland III,Curtis Holland Iii,college_stats
Curtis Jones Jr.,Curtis Jones Jr,college_stats
Curtis Oakley Jr.,Curtis Oakley Jr,college_stats
Curtis Phillips Jr.,Curtis Phillips Jr,college_stats
Cyrie Coates Jr.,Cyrie Coates Jr,college_stats
D'walyn Roberts,D'Walyn Roberts,college_stats
D. Akintobi-Adeyeye,D Akintobi-Adeyeye,college_stats
D. Beholm-Tolly,D Beholm-Tolly,college_stats
D.C. Davis,Dc Davis,college_stats
D.D. Scarver,Dd Scarver,college_stats
D.J. Balentine,Dj Balentine,college_stats
D.J. Bennett,Dj Bennett,college_stats
D.J. Boney,Dj Boney,college_stats
D.J. Brown,Dj Brown,college_stats
D.J. Burns,Dj Burns,college_stats
D.J. Burns Jr.,Dj Burns Jr,college_stats
D.J. Byrd,Dj Byrd,college_stats
D.J. Carton,Dj Carton,college_stats
D.J. Cooper,Dj Cooper,college_stats
D.J. Covington,Dj Covington,college_stats
D.J. Davis,Dj Davis,college_stats
D.J. Dial,Dj Dial,college_stats
D.J. Felder,Dj Felder,college_stats
D.J. Fenner,Dj Fenner,college_stats
D.J. Foreman,Dj Foreman,college_stats
D.J. Funderburk,Dj Funderburk,college_stats
D.J. Gay,Dj Gay,college_stats
D.J. Griggs,Dj Griggs,college_stats
D.J. Haley,Dj Haley,college_stats
D.J. Hart,Dj Hart,college_stats
D.J. Harvey,Dj Harvey,college_stats
D.J. Heath,Dj Heath,college_stats
D.J. Hogg,Dj Hogg,college_stats
D.J. Irving,Dj Irving,college_stats
D.J. Jackson,Dj Jackson,college_stats
D.J. Jeffries,Dj Jeffries,college_stats
D.J. Johnson,Dj Johnson,college_stats
D.J. Johnston,Dj Johnston,college_stats
D.J. Jones,Dj Jones,college_stats
D.J. Kennedy,Dj Kennedy,college_stats
D.J. Laster,Dj Laster,college_stats
D.J. Lewis,Dj Lewis,college_stats
D.J. MacLeay,Dj Macleay,college_stats
D.J. Magley,Dj Magley,college_stats
D.J. Mason,Dj Mason,college_stats
D.J. McCall,Dj McCall,college_stats
D.J. Mitchell,Dj Mitchell,college_stats
D.J. Muepo,Dj Muepo,college_stats
D.J. Myers,Dj Myers,college_stats
D.J. Newbill,Dj Newbill,college_stats
D.J. Peterson,Dj Peterson,college_stats
D.J. Porter,Dj Porter,college_stats
D.J. Posley,Dj Posley,college_stats
D.J. Richardson,Dj Richardson,college_stats
D.J. Rivera,Dj Rivera,college_stats
D.J. Robertson,Dj Robertson,college_stats
D.J. Rowe,Dj Rowe,college_stats
D.J. Seeley,Dj Seeley,college_stats
D.J. Shelton,Dj Shelton,college_stats
D.J. Shumpert,Dj Shumpert,college_stats
D.J. Spain,Dj Spain,college_stats
D.J. Stephens,Dj Stephens,college_stats
D.J. Stewart,Dj Stewart,college_stats
D.J. Stewart Jr.,Dj Stewart Jr,college_stats
D.J. Suter,Dj Suter,college_stats
D.J. Thorpe,Dj Thorpe,college_stats
D.J. Ursery,Dj Ursery,college_stats
D.J. Weaver,Dj Weaver,college_stats
D.J. Wilkins,Dj Wilkins,college_stats
D.J. Williams,Dj Williams,college_stats
D.J. Wilson,Dj Wilson,college_stats
DC Gaitley,Dc Gaitley,college_stats
DJ Bryant,Dj Bryant,college_stats
DJ Clayton,Dj Clayton,college_stats
DJ Davis,Dj Davis,college_stats
DJ Draper,Dj Draper,college_stats
DJ Evans,Dj Evans,college_stats
DJ Funderburk,Dj Funderburk,college_stats
DJ Gordon,Dj Gordon,college_stats
DJ Harvey,Dj Harvey,college_stats
DJ Heath,Dj Heath,college_stats
DJ Hogg,Dj Hogg,college_stats
DJ Horne,Dj Horne,college_stats
DJ Houston,Dj Houston,college_stats
DJ Jackson,Dj Jackson,college_stats
DJ Jones,Dj Jones,college_stats
DJ Kelley,Dj Kelley,college_stats
DJ Laster,Dj Laster,college_stats
DJ McDonald,Dj McDonald,college_stats
DJ Mitchell,Dj Mitchell,college_stats
DJ Mlachnik,Dj Mlachnik,college_stats
DJ Nussbaum,Dj Nussbaum,college_stats
DJ Peavy,Dj Peavy,college_stats
DJ Rodman,Dj Rodman,college_stats
DJ Russell,Dj Russell,college_stats
DJ Steward,Dj Steward,college_stats
DJ Sylvester,Dj Sylvester,college_stats
DJ Williams,Dj Williams,college_stats
DK Eldridge,Dk Eldridge,college_stats
DQ Nicholas,Dq Nicholas,college_stats
Da'mir Faison,Da'Mir Faison,college_stats
DaJion Henderson,Dajion Henderson,college_stats
DaJion Humphrey,Dajion Humphrey,college_stats
DaJuan Coleman,Dajuan Coleman,college_stats
DaJuan Gordon,Dajuan Gordon,college_stats
DaJuan Smith,Dajuan Smith,college_stats
DaJuan Summers,Dajuan Summers,college_stats
DaMetrius Upchurch,Dametrius Upchurch,college_stats
DaQuan Bracey,Daquan Bracey,college_stats
DaQuan Jeffries,Daquan Jeffries,college_stats
DaQuan Joyner,Daquan Joyner,college_stats
DaQuan Smith,Daquan Smith,college_stats
DaRohn Scott,Darohn Scott,college_stats
DaRon Curry,Daron Curry,college_stats
DaShaun Williams,Dashaun Williams,college_stats
DaShawn Wright,Dashawn Wright,college_stats
DaShonte Riley,Dashonte Riley,college_stats
DaVonté Lacy,Davonté Lacy,college_stats
Dachon Burke Jr.,Dachon Burke Jr,college_stats
Damon'te Moore,Damon'Te Moore,college_stats
Danario Edgar II,Danario Edgar Ii,college_stats
Dane DiLiegro,Dane Diliegro,college_stats
Dane Suttle Jr.,Dane Suttle Jr,college_stats
Danny Harris Jr.,Danny Harris Jr,college_stats
Dantai St. Louis,Dantai St Louis,college_stats
Dante Maddox Jr.,Dante Maddox Jr,college_stats
Darin Green Jr.,Darin Green Jr,college_stats
Darion Jordan-thomas,Darion Jordan-Thomas,college_stats
Darius Brown II,Darius Brown Ii,college_stats
Darnell Butler Jr.,Darnell Butler Jr,college_stats
Darral Willis Jr.,Darral Willis Jr,college_stats
Darrell Brown Jr.,Darrell Brown Jr,college_stats
Darrell Riley Jr.,Darrell Riley Jr,college_stats
Darrick Ervin II,Darrick Ervin Ii,college_stats
Darrick Jones Jr.,Darrick Jones Jr,college_stats
Darrin Person Jr.,Darrin Person Jr,college_stats
Darryl Gaynor II,Darryl Gaynor Ii,college_stats
Darryl Polk Jr.,Darryl Polk Jr,college_stats
Daryl Banks III,Daryl Banks Iii,college_stats
Dave Calloway Jr.,Dave Calloway Jr,college_stats
Dave Dickerson III,Dave Dickerson Iii,college_stats
Dave LaMore,Dave Lamore,college_stats
David (DJ) Jackson,David Dj Jackson,college_stats
David DeJulius,David Dejulius,college_stats
David DiLeo,David Dileo,college_stats
David Jenkins Jr.,David Jenkins Jr,college_stats
David Leitao III,David Leitao Iii,college_stats
David Pierce III,David Pierce Iii,college_stats
David Syfax Jr.,David Syfax Jr,college_stats
David-Lee Jones Jr.,David-Lee Jones Jr,college_stats
Daxter Miles Jr.,Daxter Miles Jr,college_stats
De'jon Davis,De'Jon Davis,college_stats
De'von Barnett,De'Von Barnett,college_stats
DeAndrae Ross,Deandrae Ross,college_stats
DeAndray Buckley,Deandray Buckley,college_stats
DeAndre Abram,Deandre Abram,college_stats
DeAndre Barber,Deandre Barber,college_stats
DeAndre Barnette,Deandre Barnette,college_stats
DeAndre Bray,Deandre Bray,college_stats
DeAndre Brown,Deandre Brown,college_stats
DeAndre Bynum,Deandre Bynum,college_stats
DeAndre Coleman,Deandre Coleman,college_stats
DeAndre Daniels,Deandre Daniels,college_stats
DeAndre Davis,Deandre Davis,college_stats
DeAndre Dishman,Deandre Dishman,college_stats
DeAndre Gholston,Deandre Gholston,college_stats
DeAndre Hall,Deandre Hall,college_stats
DeAndre Harris,Deandre Harris,college_stats
DeAndre Haywood,Deandre Haywood,college_stats
DeAndre Heckard,Deandre Heckard,college_stats
DeAndre Henry,Deandre Henry,college_stats
DeAndre Hersey,Deandre Hersey,college_stats
DeAndre Hopkins,Deandre Hopkins,college_stats
DeAndre Jones,Deandre Jones,college_stats
DeAndre Kane,Deandre Kane,college_stats
DeAndre Liggins,Deandre Liggins,college_stats
DeAndre Love,Deandre Love,college_stats
DeAndre Mays,Deandre Mays,college_stats
DeAndre Medlock,Deandre Medlock,college_stats
DeAndre Nealy,Deandre Nealy,college_stats
DeAndre Pinckney,Deandre Pinckney,college_stats
DeAndre Robinson,Deandre Robinson,college_stats
DeAndre Turner,Deandre Turner,college_stats
DeAndre Wilkins,Deandre Wilkins,college_stats
DeAndre Williams,Deandre Williams,college_stats
DeAndre' Bembry,Deandre' Bembry,college_stats
DeAndre' Bynum,Deandre' Bynum,college_stats
DeAngelo Casto,Deangelo Casto,college_stats
DeAngelo Epps,Deangelo Epps,college_stats
DeAngelo Isby,Deangelo Isby,college_stats
DeAngelo Jackson,Deangelo Jackson,college_stats
DeAngelo Jones,Deangelo Jones,college_stats
DeAngelo Riley,Deangelo Riley,college_stats
DeAngelo Scott,Deangelo Scott,college_stats
DeAngelo Stewart,Deangelo Stewart,college_stats
DeAnthony McCallum,Deanthony McCallum,college_stats
DeAntre Jefferson,Deantre Jefferson,college_stats
DeAundra Murphy,Deaundra Murphy,college_stats
DeAundre Cranston,Deaundre Cranston,college_stats
DeCarlos Anderson,Decarlos Anderson,college_stats
DeJon Jarreau,Dejon Jarreau,college_stats
DeJuan Blair,Dejuan Blair,college_stats
DeJuan Flowers,Dejuan Flowers,college_stats
DeJuan Marrero,Dejuan Marrero,college_stats
DeJuan Pursley,Dejuan Pursley,college_stats
DeJuan Wright,Dejuan Wright,college_stats
DeLonnie Hunt,Delonnie Hunt,college_stats
DeLovell Earls,Delovell Earls,college_stats
DeLuis Ramirez,Deluis Ramirez,college_stats
DeMar DeRozan,Demar Derozan,college_stats
DeMarcus Cousins,Demarcus Cousins,college_stats
DeMarcus Grady,Demarcus Grady,college_stats
DeMarcus Phillips,Demarcus Phillips,college_stats
DeMario Mayfield,Demario Mayfield,college_stats
DeMario Williams,Demario Williams,college_stats
DeMarr Langford Jr.,Demarr Langford Jr,college_stats
DeMarre Carroll,Demarre Carroll,college_stats
DeMierre Black,Demierre Black,college_stats
DeMondre Harvey,Demondre Harvey,college_stats
DeMonte Simpson,Demonte Simpson,college_stats
DeQuan Jones,Dequan Jones,college_stats
DeRias Johnson,Derias Johnson,college_stats
DeSean Murray,Desean Murray,college_stats
DeSean Woods,Desean Woods,college_stats
DeShang Weaver,Deshang Weaver,college_stats
DeShaun Wade,Deshaun Wade,college_stats
DeShaw Andrews,Deshaw Andrews,college_stats
DeShawn Davidson,Deshawn Davidson,college_stats
DeShawn Dockery,Deshawn Dockery,college_stats
DeShawn Mitchell,Deshawn Mitchell,college_stats
DeShawn Painter,Deshawn Painter,college_stats
DeShawn Patterson,Deshawn Patterson,college_stats
DeShawn Sims,Deshawn Sims,college_stats
DeShawn Thomas,Deshawn Thomas,college_stats
DeShawndre Black,Deshawndre Black,college_stats
DeShon Minnis,Deshon Minnis,college_stats
DeVantae' Price,Devantae' Price,college_stats
DeVante' Jones,Devante' Jones,college_stats
DeVaughn Akoon-Purcell,Devaughn Akoon-Purcell,college_stats
DeVaughn Mallory,Devaughn Mallory,college_stats
DeVaughn Washington,Devaughn Washington,college_stats
DeVille Smith,Deville Smith,college_stats
DeVince Boykins,Devince Boykins,college_stats
DeVon Baker,Devon Baker,college_stats
DeVon Jones,Devon Jones,college_stats
DeVon Walker,Devon Walker,college_stats
DeVontae Wright,Devontae Wright,college_stats
DeWayne Cox,Dewayne Cox,college_stats
DeWayne Jackson,Dewayne Jackson,college_stats
DeWayne Reed,Dewayne Reed,college_stats
Dejon 'D.J.' Davis,Dejon 'Dj' Davis,college_stats
DelFincko Bogan,Delfincko Bogan,college_stats
Demetrius Calip II,Demetrius Calip Ii,college_stats
"Dennis Smith, Jr.",Dennis Smith Jr,college_stats
Dennis Stallings Jr.,Dennis Stallings Jr,college_stats
Denny Slay II,Denny Slay Ii,college_stats
Derek Ballard Jr.,Derek Ballard Jr,college_stats
Derek Cooke Jr.,Derek Cooke Jr,college_stats
"Derek Hawthorne, Jr.",Derek Hawthorne Jr,college_stats
Derek St. Hilaire,Derek St Hilaire,college_stats
Derek Webster Jr.,Derek Webster Jr,college_stats
Derrick Alston Jr.,Derrick Alston Jr,college_stats
Derrick Jones Jr.,Derrick Jones Jr,college_stats
Derrick Richardson Jr.,Derrick Richardson Jr,college_stats
Derrick Walker Jr.,Derrick Walker Jr,college_stats
Derrick Walton Jr.,Derrick Walton Jr,college_stats
Derrik Jamerson Jr.,Derrik Jamerson Jr,college_stats
Desmond Cambridge Jr.,Desmond Cambridge Jr,college_stats
Devin Morgan Jr.,Devin Morgan Jr,college_stats
Dewayne Wright Jr.,Dewayne Wright Jr,college_stats
DiJuan Harris,Dijuan Harris,college_stats
Dominic (Bo) King,Dominic Bo King,college_stats
Don MuepoKelly,Don Muepokelly,college_stats
Donald Carter III,Donald Carter Iii,college_stats
Donald Williams II,Donald Williams Ii,college_stats
Donel Cathcart III,Donel Cathcart Iii,college_stats
Donnell Gresham Jr.,Donnell Gresham Jr,college_stats
Dont'e Reynolds,Dont'E Reynolds,college_stats
Donte DiVincenzo,Donte Divincenzo,college_stats
Donyell Marshall Jr.,Donyell Marshall Jr,college_stats
"Donyell Marshall, Jr.",Donyell Marshall Jr,college_stats
DouDou Gueye,Doudou Gueye,college_stats
Drake LaMont,Drake Lamont,college_stats
Drake U'u,Drake U'U,college_stats
Dre Fuller Jr.,Dre Fuller Jr,college_stats
Dre' Winston Jr.,Dre' Winston Jr,college_stats
Drew LaMont,Drew Lamont,college_stats
DuShawn Brooks,Dushawn Brooks,college_stats
Duane Washington Jr.,Duane Washington Jr,college_stats
Duke DaRe,Duke Dare,college_stats
Duncan LeXander,Duncan Lexander,college_stats
"Dwaine Jones, Jr.",Dwaine Jones Jr,college_stats
Dwayne Brown Jr.,Dwayne Brown Jr,college_stats
Dwayne Polee II,Dwayne Polee Ii,college_stats
Dwayne Rose Jr.,Dwayne Rose Jr,college_stats
Dwight Gentry II,Dwight Gentry Ii,college_stats
Dwight Murray Jr.,Dwight Murray Jr,college_stats
Dwight Thorne II,Dwight Thorne Ii,college_stats
Dwight Wilson III,Dwight Wilson Iii,college_stats
Dylan van Eyck,Dylan Van Eyck,college_stats
E. Victor Nickerson,E Victor Nickerson,college_stats
E.B. Davis,Eb Davis,college_stats
E.C. Matthews,Ec Matthews,college_stats
E.J. Anosike,Ej Anosike,college_stats
E.J. Boyce,Ej Boyce,college_stats
E.J. Clark,Ej Clark,college_stats
E.J. Conley,Ej Conley,college_stats
E.J. Crawford,Ej Crawford,college_stats
E.J. Datcher,Ej Datcher,college_stats
E.J. Dawson,Ej Dawson,college_stats
E.J. Farris,Ej Farris,college_stats
E.J. Kusnyer,Ej Kusnyer,college_stats
E.J. Liddell,Ej Liddell,college_stats
E.J. Reed,Ej Reed,college_stats
E.J. Singler,Ej Singler,college_stats
E.J. Stephens,Ej Stephens,college_stats
EJ Bellinger,Ej Bellinger,college_stats
EJ Floreal,Ej Floreal,college_stats
EJ Jarvis,Ej Jarvis,college_stats
EJ Montgomery,Ej Montgomery,college_stats
EJ Perry,Ej Perry,college_stats
EJ Williams,Ej Williams,college_stats
Earl Gee II,Earl Gee Ii,college_stats
Earl Potts Jr.,Earl Potts Jr,college_stats
Earvin Morris Jr.,Earvin Morris Jr,college_stats
Ed Carter III,Ed Carter Iii,college_stats
Ed Morrow Jr.,Ed Morrow Jr,college_stats
Ed Polite Jr.,Ed Polite Jr,college_stats
"Ed Polite, Jr.",Ed Polite Jr,college_stats
Eddie Davis III,Eddie Davis Iii,college_stats
Eddie Keith II,Eddie Keith Ii,college_stats
Eddie Lampkin Jr.,Eddie Lampkin Jr,college_stats
Eddie Turner III,Eddie Turner Iii,college_stats
Edgar Padilla Jr.,Edgar Padilla Jr,college_stats
Edric Dennis Jr.,Edric Dennis Jr,college_stats
Edward Simpson Jr.,Edward Simpson Jr,college_stats
Elbert Robinson III,Elbert Robinson Iii,college_stats
"Elgin Ford, Jr.",Elgin Ford Jr,college_stats
Emeka Okafor Jr.,Emeka Okafor Jr,college_stats
Emmanuel Bidias a Moute,Emmanuel Bidias A Moute,college_stats
Emmit Taylor III,Emmit Taylor Iii,college_stats
Emmitt Matthews Jr.,Emmitt Matthews Jr,college_stats
Eric Coleman Jr.,Eric Coleman Jr,college_stats
Eric Cooper Jr.,Eric Cooper Jr,college_stats
"Eric Cooper, Jr.",Eric Cooper Jr,college_stats
Eric Davis Jr.,Eric Davis Jr,college_stats
Eric Hunter Jr.,Eric Hunter Jr,college_stats
Eric Jamison Jr.,Eric Jamison Jr,college_stats
Eric Reed Jr.,Eric Reed Jr,college_stats
Eric Weary Jr.,Eric Weary Jr,college_stats
"Eric Weary, Jr.",Eric Weary Jr,college_stats
Eric Williams Jr.,Eric Williams Jr,college_stats
Eric Wortham Jr.,Eric Wortham Jr,college_stats
Eugene Brown III,Eugene Brown Iii,college_stats
Eugene Jones Jr.,Eugene Jones Jr,college_stats
Eugene Marshall III,Eugene Marshall Iii,college_stats
Evan Gilyard II,Evan Gilyard Ii,college_stats
Ezacuras Dawson III,Ezacuras Dawson Iii,college_stats
Fabian White Jr.,Fabian White Jr,college_stats
Ferron Flavors Jr.,Ferron Flavors Jr,college_stats
Floyd Rideau Jr.,Floyd Rideau Jr,college_stats
Ford Cooper Jr.,Ford Cooper Jr,college_stats
Franco Miller Jr.,Franco Miller Jr,college_stats
Frank Bartley IV,Frank Bartley Iv,college_stats
Frank Mason III,Frank Mason Iii,college_stats
Franklyn Penn Jr.,Franklyn Penn Jr,college_stats
Fred Cleveland Jr.,Fred Cleveland Jr,college_stats
Fred Gulley III,Fred Gulley Iii,college_stats
Fred John Jr.,Fred John Jr,college_stats
Fred Richardson III,Fred Richardson Iii,college_stats
Fred Rullo IV,Fred Rullo Iv,college_stats
Fred Sims Jr.,Fred Sims Jr,college_stats
"Fred Sims, Jr.",Fred Sims Jr,college_stats
Fred Thatch Jr.,Fred Thatch Jr,college_stats
Fred VanVleet,Fred Vanvleet,college_stats
Freddie McSwain Jr.,Freddie McSwain Jr,college_stats
"Freddie McSwain, Jr.",Freddie McSwain Jr,college_stats
Freddy Brown III,Freddy Brown Iii,college_stats
G.A. Hill,Ga Hill,college_stats
G.J. Vilarino,Gj Vilarino,college_stats
G.W. Boon,Gw Boon,college_stats
Gabe DeVoe,Gabe Devoe,college_stats
Galen Robinson Jr.,Galen Robinson Jr,college_stats
"Galen Robinson, Jr.",Galen Robinson Jr,college_stats
Gary Bell Jr.,Gary Bell Jr,college_stats
"Gary Bell, Jr.",Gary Bell Jr,college_stats
"Gary Harris, Jr.",Gary Harris Jr,college_stats
Gary Payton II,Gary Payton Ii,college_stats
Gary Ricks Jr.,Gary Ricks Jr,college_stats
"Gary Ricks, Jr.",Gary Ricks Jr,college_stats
Gary Trent Jr.,Gary Trent Jr,college_stats
Gary Williams Jr.,Gary Williams Jr,college_stats
"Gary Williams, Jr.",Gary Williams Jr,college_stats
Gavin DeJong,Gavin Dejong,college_stats
Gavin MacGregor,Gavin Macgregor,college_stats
George Conditt IV,George Conditt Iv,college_stats
George Davis III,George Davis Iii,college_stats
George DeGroat,George Degroat,college_stats
George DeLeon,George Deleon,college_stats
George Ivory III,George Ivory Iii,college_stats
George Willborn II,George Willborn Ii,college_stats
George Willborn III,George Willborn Iii,college_stats
Gerald Blackshear Jr.,Gerald Blackshear Jr,college_stats
Gerald Drumgoole Jr.,Gerald Drumgoole Jr,college_stats
Gerald Gray Jr.,Gerald Gray Jr,college_stats
GianCarlo Valdez,Giancarlo Valdez,college_stats
"Gilbert Thomas, Jr.",Gilbert Thomas Jr,college_stats
Glen Pierre Jr.,Glen Pierre Jr,college_stats
"Glen Pierre, Jr.",Glen Pierre Jr,college_stats
Glenn Robinson II,Glenn Robinson Ii,college_stats
Glenn Robinson III,Glenn Robinson Iii,college_stats
Glynn Watson Jr.,Glynn Watson Jr,college_stats
God'sgift Achiuwa,God'Sgift Achiuwa,college_stats
Grant van Beveren,Grant Van Beveren,college_stats
Greg Bowie II,Greg Bowie Ii,college_stats
Greg Brown III,Greg Brown Iii,college_stats
Greg Foster Jr.,Greg Foster Jr,college_stats
Greg Jackson Jr.,Greg Jackson Jr,college_stats
Greg LeSage,Greg Lesage,college_stats
Greg Milton III,Greg Milton Iii,college_stats
Greg Williams Jr.,Greg Williams Jr,college_stats
H.J. Gaskins,Hj Gaskins,college_stats
Harrison DuPont,Harrison Dupont,college_stats
Henry Bolton III,Henry Bolton Iii,college_stats
Henry Coleman III,Henry Coleman Iii,college_stats
Hnric Murray Jr.,Hnric Murray Jr,college_stats
Horace Wyatt Jr.,Horace Wyatt Jr,college_stats
Howard Fleming Jr.,Howard Fleming Jr,college_stats
Howard Thompkins III,Howard Thompkins Iii,college_stats
I.J. Ready,Ij Ready,college_stats
Ian  Salter,Ian Salter,college_stats
Ian DuBose,Ian Dubose,college_stats
Isaac Copeland Jr.,Isaac Copeland Jr,college_stats
Ivy Smith Jr.,Ivy Smith Jr,college_stats
Izayah Mauriohooho-le'afa,Izayah Mauriohooho-Le'Afa,college_stats
J'hared Hall,J'Hared Hall,college_stats
J'mison Morgan,J'Mison Morgan,college_stats
J. Cunnigham D,J Cunnigham D,college_stats
J. Pittman,J Pittman,college_stats
J.B. Conley,Jb Conley,college_stats
J.B. Tanner,Jb Tanner,college_stats
J.C. Cavin,Jc Cavin,college_stats
J.C. Fuller,Jc Fuller,college_stats
J.C. Hampton,Jc Hampton,college_stats
J.C. Kennedy,Jc Kennedy,college_stats
J.C. Otero,Jc Otero,college_stats
J.C. Show,Jc Show,college_stats
J.C. Tharrington,Jc Tharrington,college_stats
J.C. Ward,Jc Ward,college_stats
J.D. Davis,Jd Davis,college_stats
J.D. Paige,Jd Paige,college_stats
J.D. Pelham,Jd Pelham,college_stats
J.D. Pollock,Jd Pollock,college_stats
J.D. Slajchert,Jd Slajchert,college_stats
J.D. Wallace,Jd Wallace,college_stats
J.D. Weatherspoon,Jd Weatherspoon,college_stats
J.D. Wise,Jd Wise,college_stats
J.J Davenport,Jj Davenport,college_stats
J.J. Avila,Jj Avila,college_stats
J.J. Butler,Jj Butler,college_stats
J.J. Caldwell,Jj Caldwell,college_stats
J.J. Cravatta,Jj Cravatta,college_stats
J.J. Frazier,Jj Frazier,college_stats
J.J. Grycko,Jj Grycko,college_stats
J.J. Mann,Jj Mann,college_stats
J.J. Matthews,Jj Matthews,college_stats
J.J. Miles,Jj Miles,college_stats
J.J. Moore,Jj Moore,college_stats
J.J. N'Ganga,Jj N'Ganga,college_stats
J.J. O'Brien,Jj O'Brien,college_stats
J.J. Panoske,Jj Panoske,college_stats
J.J. Rhymes,Jj Rhymes,college_stats
J.J. Richardson,Jj Richardson,college_stats
J.J. Thomas,Jj Thomas,college_stats
J.J. Thompson,Jj Thompson,college_stats
J.K. Hadlock,Jk Hadlock,college_stats
J.L. Lewis,Jl Lewis,college_stats
J.P. Gavinski,Jp Gavinski,college_stats
J.P. Macura,Jp Macura,college_stats
J.P. Moorman II,Jp Moorman Ii,college_stats
J.P. Primm,Jp Primm,college_stats
J.P. Prince,Jp Prince,college_stats
J.P. Robinson,Jp Robinson,college_stats
J.P. Tokoto,Jp Tokoto,college_stats
J.R. Angle,Jr Angle,college_stats
J.R. Archer,Jr Archer,college_stats
J.R. Blount,Jr Blount,college_stats
J.R. Cadot,Jr Cadot,college_stats
J.R. Harris,Jr Harris,college_stats
J.R. Holder,Jr Holder,college_stats
J.R. Inman,Jr Inman,college_stats
J.R. Lyle,Jr Lyle,college_stats
J.R. Lynch,Jr Lynch,college_stats
J.R. Reynolds,Jr Reynolds,college_stats
J.R. Sims,Jr Sims,college_stats
J.R. Weston,Jr Weston,college_stats
J.R. William,Jr William,college_stats
J.T. Adenrele,Jt Adenrele,college_stats
J.T. Durley,Jt Durley,college_stats
J.T. Escobar,Jt Escobar,college_stats
J.T. Flowers,Jt Flowers,college_stats
J.T. Jones,Jt Jones,college_stats
J.T. Knight,Jt Knight,college_stats
J.T. Miller,Jt Miller,college_stats
J.T. Sulton,Jt Sulton,college_stats
J.T. Terrell,Jt Terrell,college_stats
J.T. Thomas,Jt Thomas,college_stats
J.T. Tiller,Jt Tiller,college_stats
J.T. Trauber,Jt Trauber,college_stats
JC Bonny,Jc Bonny,college_stats
JC Butler,Jc Butler,college_stats
JC Hampton,Jc Hampton,college_stats
JC Washington,Jc Washington,college_stats
JC Younger,Jc Younger,college_stats
JD Miller,Jd Miller,college_stats
JD Notae,Jd Notae,college_stats
JD Tisdale,Jd Tisdale,college_stats
JD Wallace,Jd Wallace,college_stats
JD Wilkerson,Jd Wilkerson,college_stats
JD Williams,Jd Williams,college_stats
JJ Caldwell,Jj Caldwell,college_stats
JJ Cratit,Jj Cratit,college_stats
JJ Flores,Jj Flores,college_stats
JJ Murray,Jj Murray,college_stats
JJ N'Ganga,Jj N'Ganga,college_stats
JJ O'Brien,Jj O'Brien,college_stats
JJ Platt,Jj Platt,college_stats
JJ Traynor,Jj Traynor,college_stats
JP Kambola,Jp Kambola,college_stats
JR Coronado,Jr Coronado,college_stats
JR Hobbie,Jr Hobbie,college_stats
JR Mathis,Jr Mathis,college_stats
JT Escobar,Jt Escobar,college_stats
JT Gibson,Jt Gibson,college_stats
JT Mumber,Jt Mumber,college_stats
JT Plummer,Jt Plummer,college_stats
JT Shumate,Jt Shumate,college_stats
JT Sulton,Jt Sulton,college_stats
JT Thompson,Jt Thompson,college_stats
JT Thor,Jt Thor,college_stats
JT Yoho,Jt Yoho,college_stats
Ja'Shonte Wright-Mcleish,Ja'Shonte Wright-McLeish,college_stats
Ja'darius Harris,Ja'Darius Harris,college_stats
Ja'mier Fletcher,Ja'Mier Fletcher,college_stats
Ja'vonte Smart,Ja'Vonte Smart,college_stats
JaCobi Wood,Jacobi Wood,college_stats
JaColby Pemberton,Jacolby Pemberton,college_stats
JaDun Michael,Jadun Michael,college_stats
JaJuan Johnson,Jajuan Johnson,college_stats
JaKobe Coles,Jakobe Coles,college_stats
JaMarcus Weatherspoon,Jamarcus Weatherspoon,college_stats
JaMarkus Holt,Jamarkus Holt,college_stats
JaMichael Goodin,Jamichael Goodin,college_stats
JaMichael Hawkins,Jamichael Hawkins,college_stats
JaMychal Green,Jamychal Green,college_stats
JaQuail Townser,Jaquail Townser,college_stats
JaQualis Matlock,Jaqualis Matlock,college_stats
JaQuan Lyle,Jaquan Lyle,college_stats
JaQuan Smith,Jaquan Smith,college_stats
JaQuel Richmond,Jaquel Richmond,college_stats
JaQuon Parker,Jaquon Parker,college_stats
JaQuori McLaughlin,Jaquori McLaughlin,college_stats
JaShaun Smith,Jashaun Smith,college_stats
JaVonni Bickham,Javonni Bickham,college_stats
JacQuess Hobbs,Jacquess Hobbs,college_stats
Jacob Evans III,Jacob Evans Iii,college_stats
Jaedon LeDee,Jaedon Ledee,college_stats
Jahmar Young Jr.,Jahmar Young Jr,college_stats
Jahmi'us Ramsey,Jahmi'Us Ramsey,college_stats
Jaime Jaquez Jr.,Jaime Jaquez Jr,college_stats
Jake DesJardins,Jake Desjardins,college_stats
Jake LaRavia,Jake Laravia,college_stats
Jake Van der Heijden,Jake Van Der Heijden,college_stats
Jake kosakowski,Jake Kosakowski,college_stats
Jake van der Heijden,Jake Van Der Heijden,college_stats
Jamal Hartwell II,Jamal Hartwell Ii,college_stats
"Jamal Mashburn, Jr.",Jamal Mashburn Jr,college_stats
Jamal Williams Jr.,Jamal Williams Jr,college_stats
Jameer Nelson Jr.,Jameer Nelson Jr,college_stats
James Anderson II,James Anderson Ii,college_stats
"James Baker, Jr.",James Baker Jr,college_stats
James Banks III,James Banks Iii,college_stats
James Berry III,James Berry Iii,college_stats
James Blackmon Jr.,James Blackmon Jr,college_stats
James Daniel III,James Daniel Iii,college_stats
James Davis Jr.,James Davis Jr,college_stats
James Ford Jr.,James Ford Jr,college_stats
"James Ford, Jr.",James Ford Jr,college_stats
James Glisson III,James Glisson Iii,college_stats
James Gordon IV,James Gordon Iv,college_stats
James Graham III,James Graham Iii,college_stats
James Harrison Jr.,James Harrison Jr,college_stats
James Harvey Jr.,James Harvey Jr,college_stats
James Lewis Jr.,James Lewis Jr,college_stats
James Love III,James Love Iii,college_stats
James Montgomery III,James Montgomery Iii,college_stats
James Palmer Jr.,James Palmer Jr,college_stats
James Sanders IV,James Sanders Iv,college_stats
James Thompson IV,James Thompson Iv,college_stats
James Walker III,James Walker Iii,college_stats
James Webb III,James Webb Iii,college_stats
James West IV,James West Iv,college_stats
Jamil Jackson Jr.,Jamil Jackson Jr,college_stats
Jan van der Kooij,Jan Van Der Kooij,college_stats
Jansen Davidson JR.,Jansen Davidson Jr,college_stats
Japannah Kellogg III,Japannah Kellogg Iii,college_stats
Jare'l Spellman,Jare'L Spellman,college_stats
Jaren Jackson Jr.,Jaren Jackson Jr,college_stats
Jaron Pierre Jr.,Jaron Pierre Jr,college_stats
Jarred DuBois,Jarred Dubois,college_stats
Jarvis  Jones,Jarvis Jones,college_stats
Jasper  Williams,Jasper Williams,college_stats
Javin DeLaurier,Javin Delaurier,college_stats
Jaxon EdelMayer,Jaxon Edelmayer,college_stats
Jay DeHaan,Jay Dehaan,college_stats
JayDee Luster,Jaydee Luster,college_stats
JayQuan McCloud,Jayquan McCloud,college_stats
JayVaughn Pinkston,Jayvaughn Pinkston,college_stats
Jayson` Snearl,Jayson Snearl,college_stats
Je'lon Hornbeak,Je'Lon Hornbeak,college_stats
JeJuan Brown,Jejuan Brown,college_stats
JeMar Lincoln,Jemar Lincoln,college_stats
JeQuan Lewis,Jequan Lewis,college_stats
Jemarl Baker Jr.,Jemarl Baker Jr,college_stats
JerShon Cobb,Jershon Cobb,college_stats
Jeremiah Davis III,Jeremiah Davis Iii,college_stats
Jeremiah Francis III,Jeremiah Francis Iii,college_stats
Jeremy DeWalt,Jeremy Dewalt,college_stats
Jermaine Blackmon Jr.,Jermaine Blackmon Jr,college_stats
Jermaine Davis II,Jermaine Davis Ii,college_stats
Jermaine Edmonds Jr.,Jermaine Edmonds Jr,college_stats
Jermaine Jackson Jr.,Jermaine Jackson Jr,college_stats
Jerrelle DeBerry,Jerrelle Deberry,college_stats
Jerry Evans Jr.,Jerry Evans Jr,college_stats
Jerry Higgins III,Jerry Higgins Iii,college_stats
Jerry Johnson Jr.,Jerry Johnson Jr,college_stats
Jesse Gonzales Jr.,Jesse Gonzales Jr,college_stats
Jesse LoBue,Jesse Lobue,college_stats
Jesse Lopez Jr.,Jesse Lopez Jr,college_stats
Jesse Reid III,Jesse Reid Iii,college_stats
Jimmy Bell Jr.,Jimmy Bell Jr,college_stats
Jimmy Clark III,Jimmy Clark Iii,college_stats
Jimmy Nichols Jr.,Jimmy Nichols Jr,college_stats
Jimmy Whitt Jr.,Jimmy Whitt Jr,college_stats
Jimmy Williams Jr.,Jimmy Williams Jr,college_stats
Jo Lual-Acuil Jr.,Jo Lual-Acuil Jr,college_stats
Jo'el Lamb,Jo'El Lamb,college_stats
JoJo Anderson,Jojo Anderson,college_stats
JoJo Cooper,Jojo Cooper,college_stats
JoJo Fallas,Jojo Fallas,college_stats
JoJo McGlaston,Jojo McGlaston,college_stats
JoJo Toppin,Jojo Toppin,college_stats
JoJo Walker,Jojo Walker,college_stats
JoJo Zamora,Jojo Zamora,college_stats
JoVaughn Love,Jovaughn Love,college_stats
JoVon McClanahan,Jovon McClanahan,college_stats
Joe Bryant Jr.,Joe Bryant Jr,college_stats
Joe Jones III,Joe Jones Iii,college_stats
Joe Moon IV,Joe Moon Iv,college_stats
Joe Munden Jr.,Joe Munden Jr,college_stats
Joe Mvuezolo Jr.,Joe Mvuezolo Jr,college_stats
Joel Angus III,Joel Angus Iii,college_stats
Joel Berry II,Joel Berry Ii,college_stats
Joey van Zegeren,Joey Van Zegeren,college_stats
John Buggs III,John Buggs Iii,college_stats
John Carter Jr.,John Carter Jr,college_stats
John Davis III,John Davis Iii,college_stats
John Dewey III,John Dewey Iii,college_stats
John Edgar Jr.,John Edgar Jr,college_stats
John Grant Jr.,John Grant Jr,college_stats
John Knight III,John Knight Iii,college_stats
John Majors II,John Majors Ii,college_stats
John Newman III,John Newman Iii,college_stats
John Petty Jr.,John Petty Jr,college_stats
John Sally Jr.,John Sally Jr,college_stats
John Shanu II,John Shanu Ii,college_stats
John Square Jr.,John Square Jr,college_stats
John Walker III,John Walker Iii,college_stats
John Walton III,John Walton Iii,college_stats
JohnMark Ludwick,Johnmark Ludwick,college_stats
Johnathan DeJurnett,Johnathan Dejurnett,college_stats
Johnathan Williams III,Johnathan Williams Iii,college_stats
Johnnie Williams IV,Johnnie Williams Iv,college_stats
Johnny O'Bryant III,Johnny O'Bryant Iii,college_stats
Jon'te Dotson,Jon'Te Dotson,college_stats
JonDarius Warren,Jondarius Warren,college_stats
Jonathan Adams Jr.,Jonathan Adams Jr,college_stats
"Jonathan Breeland, Jr.",Jonathan Breeland Jr,college_stats
Jonathan Bryant II,Jonathan Bryant Ii,college_stats
Jonathan DeWane,Jonathan Dewane,college_stats
Jonathan Jackson Jr.,Jonathan Jackson Jr,college_stats
Jordan Abdur-Ra'oof,Jordan Abdur-Ra'Oof,college_stats
Jordan DeMercy,Jordan Demercy,college_stats
Joseph Girard III,Joseph Girard Iii,college_stats
Joseph White II,Joseph White Ii,college_stats
Josh LeBlanc,Josh Leblanc,college_stats
Josh LeBlanc Sr.,Josh Leblanc Sr,college_stats
Joshu'a Warren,Joshu'A Warren,college_stats
Jourdan DeMuynck,Jourdan Demuynck,college_stats
Jovan Blacksher Jr.,Jovan Blacksher Jr,college_stats
Jr. Barnes,Jr Barnes,college_stats
Jr. Clay,Jr Clay,college_stats
Jr. Ronell Giles,Jr Ronell Giles,college_stats
Juan Davis Jr.,Juan Davis Jr,college_stats
"Juan Davis, Jr.",Juan Davis Jr,college_stats
Juan Parrilla Jr.,Juan Parrilla Jr,college_stats
Juan Sabino II,Juan Sabino Ii,college_stats
Juan'ya Green,Juan'Ya Green,college_stats
JuanYa Green,Juanya Green,college_stats
Julian DeBose,Julian Debose,college_stats
Julian Jones Jr.,Julian Jones Jr,college_stats
Julius Marble II,Julius Marble Ii,college_stats
Julius van Sauers,Julius Van Sauers,college_stats
Just-in'Love Smith,Just-In'Love Smith,college_stats
Juwan Howard Jr.,Juwan Howard Jr,college_stats
"Juwan Howard, Jr.",Juwan Howard Jr,college_stats
Jy'lan Washington,Jy'Lan Washington,college_stats
K.C. Anuna,Kc Anuna,college_stats
K.C. Rivers,Kc Rivers,college_stats
K.C. Robbins,Kc Robbins,college_stats
K.C. Ross-Miller,Kc Ross-Miller,college_stats
K.C. Whitaker,Kc Whitaker,college_stats
K.D. Johnson,Kd Johnson,college_stats
K.J. Bates,Kj Bates,college_stats
K.J. Bluford,Kj Bluford,college_stats
K.J. Brown,Kj Brown,college_stats
K.J. Davis,Kj Davis,college_stats
K.J. Gilmore,Kj Gilmore,college_stats
K.J. Hymes,Kj Hymes,college_stats
K.J. Jackson,Kj Jackson,college_stats
K.J. James,Kj James,college_stats
K.J. Lawson,Kj Lawson,college_stats
K.J. Lee,Kj Lee,college_stats
K.J. Malveau,Kj Malveau,college_stats
K.J. Matsui,Kj Matsui,college_stats
K.J. Maura,Kj Maura,college_stats
K.J. McClurg,Kj McClurg,college_stats
K.J. McDaniels,Kj McDaniels,college_stats
K.J. Riley,Kj Riley,college_stats
K.J. Rose,Kj Rose,college_stats
K.J. Santos,Kj Santos,college_stats
K.J. Smith,Kj Smith,college_stats
K.J. Walton,Kj Walton,college_stats
K.K. Simmons,Kk Simmons,college_stats
KC Caudill,Kc Caudill,college_stats
KC Goodwin,Kc Goodwin,college_stats
KC Hankton,Kc Hankton,college_stats
KC Henry,Kc Henry,college_stats
KC Ndefo,Kc Ndefo,college_stats
KC Ross-Miller,Kc Ross-Miller,college_stats
KJ Buffen,Kj Buffen,college_stats
KJ Byers,Kj Byers,college_stats
KJ Cunningham,Kj Cunningham,college_stats
KJ Feagin,Kj Feagin,college_stats
KJ Fitzgerald,Kj Fitzgerald,college_stats
KJ Garrett,Kj Garrett,college_stats
"KJ Hunt, Jr.",Kj Hunt Jr,college_stats
KJ Jackson,Kj Jackson,college_stats
KJ Johnson,Kj Johnson,college_stats
KJ Langston,Kj Langston,college_stats
KJ Lewis,Kj Lewis,college_stats
KJ Logue,Kj Logue,college_stats
KJ Marshall,Kj Marshall,college_stats
KJ Robinson,Kj Robinson,college_stats
KJ Scott,Kj Scott,college_stats
KJ Simon,Kj Simon,college_stats
KJ Williams,Kj Williams,college_stats
KJELL De Graaf,Kjell De Graaf,college_stats
KK Curry,Kk Curry,college_stats
KT Harrell,Kt Harrell,college_stats
KZ Okpala,Kz Okpala,college_stats
KaJuan Watson,Kajuan Watson,college_stats
KaVaughn Scott,Kavaughn Scott,college_stats
Kam'ron Cunningham,Kam'Ron Cunningham,college_stats
Kareem Brewton Jr.,Kareem Brewton Jr,college_stats
KeDorian Sullivan,Kedorian Sullivan,college_stats
KeShawn Curry,Keshawn Curry,college_stats
KeVaughn Allen,Kevaughn Allen,college_stats
Keion Brooks Jr.,Keion Brooks Jr,college_stats
Keith  Smith,Keith Smith,college_stats
Keith DeWitt,Keith Dewitt,college_stats
Keith Dinwiddie Jr.,Keith Dinwiddie Jr,college_stats
Keith Fisher III,Keith Fisher Iii,college_stats
Keith Hayes II,Keith Hayes Ii,college_stats
Kelvin Henry Jr.,Kelvin Henry Jr,college_stats
"Kenneth Lofton, Jr.",Kenneth Lofton Jr,college_stats
Kenneth van Kempen,Kenneth Van Kempen,college_stats
Kenny Franklin Jr.,Kenny Franklin Jr,college_stats
"Kenny Ganley, Jr.",Kenny Ganley Jr,college_stats
Kenny Lawson Jr.,Kenny Lawson Jr,college_stats
Kenny Pittman Jr.,Kenny Pittman Jr,college_stats
Kenny White Jr.,Kenny White Jr,college_stats
Kenton Walker II,Kenton Walker Ii,college_stats
Keron DeShields,Keron Deshields,college_stats
Kerry Blackshear Jr.,Kerry Blackshear Jr,college_stats
Kerry Hammonds II,Kerry Hammonds Ii,college_stats
Kerwin Roach II,Kerwin Roach Ii,college_stats
Kerwin Roach Jr.,Kerwin Roach Jr,college_stats
Kevin Crawford II,Kevin Crawford Ii,college_stats
Kevin Dunleavy Jr.,Kevin Dunleavy Jr,college_stats
"Kevin Dunleavy, Jr.",Kevin Dunleavy Jr,college_stats
Kevin Easley Jr.,Kevin Easley Jr,college_stats
Kevin Granger Jr.,Kevin Granger Jr,college_stats
Kevin Holmes Jr.,Kevin Holmes Jr,college_stats
Kevin Porter Jr.,Kevin Porter Jr,college_stats
Kevin Punter Jr.,Kevin Punter Jr,college_stats
KeyShawn Feazell,Keyshawn Feazell,college_stats
KiShawn Pritchett,Kishawn Pritchett,college_stats
Kievyn Lila-St. Rose,Kievyn Lila-St Rose,college_stats
Kim Aiken Jr.,Kim Aiken Jr,college_stats
Kinnon LaRose,Kinnon Larose,college_stats
Kira Lewis Jr.,Kira Lewis Jr,college_stats
Kjell de Graaf,Kjell De Graaf,college_stats
KoVien Dominaus,Kovien Dominaus,college_stats
Korey VanDussen,Korey Vandussen,college_stats
Kurt Samuels Jr.,Kurt Samuels Jr,college_stats
Kwame Morgan II,Kwame Morgan Ii,college_stats
Kwan Cheatham Jr.,Kwan Cheatham Jr,college_stats
"Kwan Cheatham, Jr.",Kwan Cheatham Jr,college_stats
Kwane Marble II,Kwane Marble Ii,college_stats
Ky're Allison,Ky'Re Allison,college_stats
KyKy Tandy,Kyky Tandy,college_stats
Kye de Laveaga,Kye De Laveaga,college_stats
Kyle Allman Jr.,Kyle Allman Jr,college_stats
Kyle LeGreair,Kyle Legreair,college_stats
L.A. Pomlee,La Pomlee,college_stats
L.C. Doss,Lc Doss,college_stats
L.D. Williams,Ld Williams,college_stats
L.G. Gill,Lg Gill,college_stats
L.J. Frazier,Lj Frazier,college_stats
L.J. Owens,Lj Owens,college_stats
L.J. Peak,Lj Peak,college_stats
L.J. Rose,Lj Rose,college_stats
LJ Bryan,Lj Bryan,college_stats
LJ Figueroa,Lj Figueroa,college_stats
LJ Livingston,Lj Livingston,college_stats
LJ Livingston Jr.,Lj Livingston Jr,college_stats
LJ McIntosh,Lj McIntosh,college_stats
LJ Thorpe,Lj Thorpe,college_stats
LJ Westbrook,Lj Westbrook,college_stats
LaBarrius Hill,Labarrius Hill,college_stats
LaBradford Franklin,Labradford Franklin,college_stats
LaCurtis Allen,Lacurtis Allen,college_stats
LaDamien Bradford,Ladamien Bradford,college_stats
LaDarien Griffin,Ladarien Griffin,college_stats
LaDaris Green,Ladaris Green,college_stats
LaDarius Marshall,Ladarius Marshall,college_stats
LaDarius White,Ladarius White,college_stats
LaDavius Draine,Ladavius Draine,college_stats
LaDontae Henton,Ladontae Henton,college_stats
LaMarcus Lowe,Lamarcus Lowe,college_stats
LaMarcus Reed,Lamarcus Reed,college_stats
LaMarcus Reed III,Lamarcus Reed Iii,college_stats
LaMarr Drake,Lamarr Drake,college_stats
LaMarvon Jackson,Lamarvon Jackson,college_stats
LaMont Russell,Lamont Russell,college_stats
LaMonta Stone II,Lamonta Stone Ii,college_stats
LaQuan Butler,Laquan Butler,college_stats
LaQuan Wiltshire,Laquan Wiltshire,college_stats
LaQuentin Collins,Laquentin Collins,college_stats
LaQuentin Miles,Laquentin Miles,college_stats
LaQuill Hardnett,Laquill Hardnett,college_stats
LaQuinton Fort,Laquinton Fort,college_stats
LaQuinton Ross,Laquinton Ross,college_stats
LaRon Armstead,Laron Armstead,college_stats
LaRon Dendy,Laron Dendy,college_stats
LaRon Smith,Laron Smith,college_stats
LaRond Williams,Larond Williams,college_stats
LaShay Page,Lashay Page,college_stats
LaShun Watson,Lashun Watson,college_stats
LaTerrance Reed,Laterrance Reed,college_stats
LaTrell Tate,Latrell Tate,college_stats
LaTreze Mushatt,Latreze Mushatt,college_stats
LaVanne Pennington,Lavanne Pennington,college_stats
LaVell Boyd,Lavell Boyd,college_stats
LaVonte Dority,Lavonte Dority,college_stats
LaceDarius Dunn,Lacedarius Dunn,college_stats
Lamar Norman Jr.,Lamar Norman Jr,college_stats
"Lamar Oden, Jr.",Lamar Oden Jr,college_stats
Lamond Murray Jr.,Lamond Murray Jr,college_stats
Lamont Morgan Jr.,Lamont Morgan Jr,college_stats
Lance Coleman II,Lance Coleman Ii,college_stats
Lance Singh III,Lance Singh Iii,college_stats
Landers Nolley II,Landers Nolley Ii,college_stats
Larry Austin Jr.,Larry Austin Jr,college_stats
Larry Drew II,Larry Drew Ii,college_stats
Larry Lewis Jr.,Larry Lewis Jr,college_stats
Larry McKnight Jr.,Larry McKnight Jr,college_stats
Larry Nance Jr.,Larry Nance Jr,college_stats
Larry Robinson III,Larry Robinson Iii,college_stats
Larry Williams Jr.,Larry Williams Jr,college_stats
Latrell Wrightsell Jr.,Latrell Wrightsell Jr,college_stats
Lavar Batts Jr.,Lavar Batts Jr,college_stats
Lavone Holland II,Lavone Holland Ii,college_stats
LeAndre Thomas,Leandre Thomas,college_stats
LeAntwan Luckett,Leantwan Luckett,college_stats
LeChaun DuHart,Lechaun Duhart,college_stats
LeKendric Longmire,Lekendric Longmire,college_stats
LeMon Gregory,Lemon Gregory,college_stats
LeRon Barnes,Leron Barnes,college_stats
LeSean Brown,Lesean Brown,college_stats
LeShaun Murphy,Leshaun Murphy,college_stats
LeVentrice Gray,Leventrice Gray,college_stats
Leland King II,Leland King Ii,college_stats
Lenzelle Smith Jr.,Lenzelle Smith Jr,college_stats
Lenzy Hancock Jr.,Lenzy Hancock Jr,college_stats
Leon Ayers III,Leon Ayers Iii,college_stats
Leon Carswell II,Leon Carswell Ii,college_stats
Leon Gilmore III,Leon Gilmore Iii,college_stats
Leonard Livingston Jr.,Leonard Livingston Jr,college_stats
Leroy Butts IV,Leroy Butts Iv,college_stats
Lesley Varner II,Lesley Varner Ii,college_stats
Lesley Varner Jr.,Lesley Varner Jr,college_stats
Levan Shawn Alston Jr.,Levan Shawn Alston Jr,college_stats
Levi Stockard III,Levi Stockard Iii,college_stats
Lindsay Deline Jr.,Lindsay Deline Jr,college_stats
Lindsey Hunter IV,Lindsey Hunter Iv,college_stats
Lindy Waters III,Lindy Waters Iii,college_stats
"Lindy Waters, III",Lindy Waters Iii,college_stats
Linwood Ross Jr.,Linwood Ross Jr,college_stats
Lionel Ellison III,Lionel Ellison Iii,college_stats
Lloyd Neely II,Lloyd Neely Ii,college_stats
Lonnie Walker IV,Lonnie Walker Iv,college_stats
Lorenzen Wright Jr.,Lorenzen Wright Jr,college_stats
"Lorenzen Wright, Jr.",Lorenzen Wright Jr,college_stats
Louis Brown III,Louis Brown Iii,college_stats
Lourawls Nairn Jr.,Lourawls Nairn Jr,college_stats
Luciano de Souza,Luciano De Souza,college_stats
Luis Hurtado Jr.,Luis Hurtado Jr,college_stats
Luqman Lundy Jr.,Luqman Lundy Jr,college_stats
Luuk van Bree,Luuk Van Bree,college_stats
M.J. Brown,Mj Brown,college_stats
M.J. Cage,Mj Cage,college_stats
M.J. Randolph,Mj Randolph,college_stats
M.J. Rhett,Mj Rhett,college_stats
M.J. Walker,Mj Walker,college_stats
MArko Stajkovski,Marko Stajkovski,college_stats
MJ Randolph,Mj Randolph,college_stats
MaCio Teague,Macio Teague,college_stats
Malachi de Sousa,Malachi De Sousa,college_stats
Malcolm L. Brent,Malcolm L Brent,college_stats
Malcolm Mcmillan,Malcolm McMillan,college_stats
Malik LeGania,Malik Legania,college_stats
MarShon Brooks,Marshon Brooks,college_stats
Marcellus Brigham Jr.,Marcellus Brigham Jr,college_stats
Marcus Bingham Jr.,Marcus Bingham Jr,college_stats
Marcus DeBerry,Marcus Deberry,college_stats
Marcus Fitzgerald Jr.,Marcus Fitzgerald Jr,college_stats
Marcus Johnson Jr.,Marcus Johnson Jr,college_stats
Marcus LoVett,Marcus Lovett,college_stats
Marcus Shaver Jr.,Marcus Shaver Jr,college_stats
Marcus Sheffield II,Marcus Sheffield Ii,college_stats
Marcus Watson Jr.,Marcus Watson Jr,college_stats
"Mario Mckinney, Jr.",Mario McKinney Jr,college_stats
Mark Jackson Jr.,Mark Jackson Jr,college_stats
Mark LaPorte,Mark Laporte,college_stats
Mark St. Fort,Mark St Fort,college_stats
Marlon Beck II,Marlon Beck Ii,college_stats
Marque English II,Marque English Ii,college_stats
Marquel DeLancey,Marquel Delancey,college_stats
Marshall Harris III,Marshall Harris Iii,college_stats
Martin Jones II,Martin Jones Ii,college_stats
Marvin Bagley III,Marvin Bagley Iii,college_stats
Marvin Clark II,Marvin Clark Ii,college_stats
Marvin Clark Jr.,Marvin Clark Jr,college_stats
Marvin Nesbitt Jr.,Marvin Nesbitt Jr,college_stats
Mason Archie II,Mason Archie Ii,college_stats
Mathis Mรถnninghoff,Mathis Mnninghoff,college_stats
Matt Coleman III,Matt Coleman Iii,college_stats
Matt DeMarcus,Matt Demarcus,college_stats
Matt DeWolf,Matt Dewolf,college_stats
Matt DiLuccio,Matt Diluccio,college_stats
Matt Johnson II,Matt Johnson Ii,college_stats
Matt LaBato,Matt Labato,college_stats
Matt LaBove,Matt Labove,college_stats
Matt MacDonald,Matt Macdonald,college_stats
Matt MacDougall,Matt Macdougall,college_stats
Matt van Komen,Matt Van Komen,college_stats
Maurice Hicks Jr.,Maurice Hicks Jr,college_stats
Maurice Taylor Jr.,Maurice Taylor Jr,college_stats
Maurice Watson Jr.,Maurice Watson Jr,college_stats
Max de Geest,Max De Geest,college_stats
McKinley Wright IV,McKinley Wright Iv,college_stats
Mckay Anderson,McKay Anderson,college_stats
Mckay Johnson,McKay Johnson,college_stats
Mckay LaSalle,McKay Lasalle,college_stats
Mckenzie Moore,McKenzie Moore,college_stats
Mcwisdon Bandejo,McWisdon Bandejo,college_stats
Meechie Johnson Jr.,Meechie Johnson Jr,college_stats
Mekhi Mccray,Mekhi McCray,college_stats
Melvin Edwards Jr.,Melvin Edwards Jr,college_stats
Melvin Johnson III,Melvin Johnson Iii,college_stats
Mi'kyel Nero,Mi'Kyel Nero,college_stats
MiKyle McIntosh,Mikyle McIntosh,college_stats
Michael  Fakuade,Michael Fakuade,college_stats
Michael Anderson Jr.,Michael Anderson Jr,college_stats
Michael Bethea Jr.,Michael Bethea Jr,college_stats
"Michael Brown, Jr.",Michael Brown Jr,college_stats
Michael Carter III,Michael Carter Iii,college_stats
Michael Dixon Jr.,Michael Dixon Jr,college_stats
Michael Dowdy Jr.,Michael Dowdy Jr,college_stats
"Michael Dowdy, Jr.",Michael Dowdy Jr,college_stats
Michael Gholston Jr.,Michael Gholston Jr,college_stats
Michael Green III,Michael Green Iii,college_stats
Michael Hale III,Michael Hale Iii,college_stats
Michael Hueitt Jr.,Michael Hueitt Jr,college_stats
Michael Loyd Jr.,Michael Loyd Jr,college_stats
Michael Manning Jr.,Michael Manning Jr,college_stats
Michael Porter Jr.,Michael Porter Jr,college_stats
Micheal Tate Jr.,Micheal Tate Jr,college_stats
Mickey Pearson Jr.,Mickey Pearson Jr,college_stats
Mike Davis Jr.,Mike Davis Jr,college_stats
Mike DeLorenzo,Mike Delorenzo,college_stats
Mike DePersia,Mike Depersia,college_stats
Mike DiGiulio,Mike Digiulio,college_stats
Mike DiNunno,Mike Dinunno,college_stats
Mike Holloway Jr.,Mike Holloway Jr,college_stats
Mike James Jr.,Mike James Jr,college_stats
Mike Kirkland Jr.,Mike Kirkland Jr,college_stats
Mike LaTulip,Mike Latulip,college_stats
Mike LeBlanc,Mike Leblanc,college_stats
Mike Lewis II,Mike Lewis Ii,college_stats
Mike McCall Jr.,Mike McCall Jr,college_stats
Mike Parks Jr.,Mike Parks Jr,college_stats
Mike Saunders Jr.,Mike Saunders Jr,college_stats
Mike Terry Jr.,Mike Terry Jr,college_stats
Mike Thorne Jr.,Mike Thorne Jr,college_stats
Mike VanKirk,Mike Vankirk,college_stats
Mike Washington Jr.,Mike Washington Jr,college_stats
"Mike Washington, Jr.",Mike Washington Jr,college_stats
Mike'l Simms,Mike'L Simms,college_stats
Miles Bowman Jr.,Miles Bowman Jr,college_stats
Morris Smith IV,Morris Smith Iv,college_stats
N'faly Dante,N'Faly Dante,college_stats
Nate Clover III,Nate Clover Iii,college_stats
Nate VanArendonk,Nate Vanarendonk,college_stats
Nathan Townsen Jr.,Nathan Townsen Jr,college_stats
Nick DeSchepper,Nick Deschepper,college_stats
Nick DelTufo,Nick Deltufo,college_stats
Nick DesMarais,Nick Desmarais,college_stats
Nick DiClementi,Nick Diclementi,college_stats
Nick DiNardi,Nick Dinardi,college_stats
Nick MacDonald,Nick Macdonald,college_stats
Nimrod Hilliard IV,Nimrod Hilliard Iv,college_stats
Norm Nixon Jr.,Norm Nixon Jr,college_stats
O.D. Anosike,Od Anosike,college_stats
O.D. Ogunbo,Od Ogunbo,college_stats
O.G. Anunoby,Og Anunoby,college_stats
O.J. Avworo,Oj Avworo,college_stats
O.J. Evans,Oj Evans,college_stats
O.J. Lewis,Oj Lewis,college_stats
OG Anunoby,Og Anunoby,college_stats
Olin Carter III,Olin Carter Iii,college_stats
Oscar Lopez Jr.,Oscar Lopez Jr,college_stats
Oscar da Silva,Oscar Da Silva,college_stats
Otis Frazier III,Otis Frazier Iii,college_stats
Otis Livingston II,Otis Livingston Ii,college_stats
P. J. Alawoya,P J Alawoya,college_stats
P.J. Bolte,Pj Bolte,college_stats
P.J. Boutte,Pj Boutte,college_stats
P.J. Byrd,Pj Byrd,college_stats
P.J. Cochrane,Pj Cochrane,college_stats
P.J. Gaynor,Pj Gaynor,college_stats
P.J. Hairston,Pj Hairston,college_stats
P.J. Hardwick,Pj Hardwick,college_stats
P.J. Hardy,Pj Hardy,college_stats
P.J. Hill,Pj Hill,college_stats
P.J. Horgan,Pj Horgan,college_stats
P.J. Horne,Pj Horne,college_stats
P.J. Hubert,Pj Hubert,college_stats
P.J. Keaton,Pj Keaton,college_stats
P.J. Purnell,Pj Purnell,college_stats
P.J. Reyes,Pj Reyes,college_stats
P.J. Roach JR.,Pj Roach Jr,college_stats
P.J. Roach Jr.,Pj Roach Jr,college_stats
P.J. Santavenere,Pj Santavenere,college_stats
P.J. Taylor,Pj Taylor,college_stats
P.J. Thompson,Pj Thompson,college_stats
P.J. Torres,Pj Torres,college_stats
P.J. Turner,Pj Turner,college_stats
PJ Carter,Pj Carter,college_stats
PJ Dozier,Pj Dozier,college_stats
PJ Fuller,Pj Fuller,college_stats
PJ Hall,Pj Hall,college_stats
PJ Hardwick,Pj Hardwick,college_stats
PJ Henry,Pj Henry,college_stats
PJ Miller,Pj Miller,college_stats
PJ Mitchell,Pj Mitchell,college_stats
PJ Pipes,Pj Pipes,college_stats
PJ Posey,Pj Posey,college_stats
PJ Savoy,Pj Savoy,college_stats
PJ Washington,Pj Washington,college_stats
Parker U'u,Parker U'U,college_stats
Pat Swilling Jr.,Pat Swilling Jr,college_stats
Patrick Robinson Jr.,Patrick Robinson Jr,college_stats
Paul Delaney III,Paul Delaney Iii,college_stats
Paul Graham III,Paul Graham Iii,college_stats
Paul Mcroberts,Paul McRoberts,college_stats
Perry Jones III,Perry Jones Iii,college_stats
Peter 'PJ' Roberson,Peter 'Pj' Roberson,college_stats
Phil Forte III,Phil Forte Iii,college_stats
"Phil Forte, III",Phil Forte Iii,college_stats
Phil Gary Jr.,Phil Gary Jr,college_stats
Phil Greene IV,Phil Greene Iv,college_stats
Philip Mcgloin,Philip McGloin,college_stats
Philip Pepple Jr.,Philip Pepple Jr,college_stats
Phillip Jones Jr.,Phillip Jones Jr,college_stats
Phlandrous Fleming Jr.,Phlandrous Fleming Jr,college_stats
Pi'i Minns,Pi'I Minns,college_stats
Pierre Crockrell II,Pierre Crockrell Ii,college_stats
Pieter van Tongeren,Pieter Van Tongeren,college_stats
QJ Peterson,Qj Peterson,college_stats
Qa'rraan Calhoun,Qa'Rraan Calhoun,college_stats
Quentin Jackson Jr.,Quentin Jackson Jr,college_stats
Quenton DeCosey,Quenton Decosey,college_stats
Quinton Johnson II,Quinton Johnson Ii,college_stats
R.J. Barrett,Rj Barrett,college_stats
R.J. Blakney,Rj Blakney,college_stats
R.J. Buck,Rj Buck,college_stats
R.J. Cole,Rj Cole,college_stats
R.J. Curington,Rj Curington,college_stats
R.J. Evans,Rj Evans,college_stats
R.J. Eytle-Rock,Rj Eytle-Rock,college_stats
R.J. Fuqua,Rj Fuqua,college_stats
R.J. Gladney,Rj Gladney,college_stats
R.J. Griffin,Rj Griffin,college_stats
R.J. Hall,Rj Hall,college_stats
R.J. Hunter,Rj Hunter,college_stats
R.J. Johnson,Rj Johnson,college_stats
R.J. Kelly,Rj Kelly,college_stats
R.J. McCray,Rj McCray,college_stats
R.J. McGee,Rj McGee,college_stats
R.J. McGhee,Rj McGhee,college_stats
R.J. Miskimon,Rj Miskimon,college_stats
R.J. Price,Rj Price,college_stats
R.J. Rutledge,Rj Rutledge,college_stats
R.J. Scott,Rj Scott,college_stats
R.J. Smith,Rj Smith,college_stats
R.J. Weise,Rj Weise,college_stats
R.J. White,Rj White,college_stats
R.J. Williams,Rj Williams,college_stats
R.J. Wilson,Rj Wilson,college_stats
R.L. Horton,Rl Horton,college_stats
RJ Cole,Rj Cole,college_stats
RJ Davis,Rj Davis,college_stats
RJ Duhart,Rj Duhart,college_stats
RJ Forbes,Rj Forbes,college_stats
RJ Glasper,Rj Glasper,college_stats
RJ Nembhard,Rj Nembhard,college_stats
RJ Rhoden,Rj Rhoden,college_stats
RJ Slawson,Rj Slawson,college_stats
RJ Smith,Rj Smith,college_stats
RJ White,Rj White,college_stats
RJ Williams,Rj Williams,college_stats
Ra'shun Bryant,Ra'Shun Bryant,college_stats
RaShad Coleman,Rashad Coleman,college_stats
RaShawn Polk,Rashawn Polk,college_stats
RaShawn Stores,Rashawn Stores,college_stats
RaShid Gaston,Rashid Gaston,college_stats
RaeQuan Battle,Raequan Battle,college_stats
Rafael Cruz Jr.,Rafael Cruz Jr,college_stats
Rafael DeLeon,Rafael Deleon,college_stats
Rafael de Souza,Rafael De Souza,college_stats
Rahamanh Katumbusi II,Rahamanh Katumbusi Ii,college_stats
"Rahim Ali, Jr.",Rahim Ali Jr,college_stats
Ralph Sampson III,Ralph Sampson Iii,college_stats
Randall Gaskins Jr.,Randall Gaskins Jr,college_stats
"Randall Gaskins, Jr.",Randall Gaskins Jr,college_stats
Randall Leath Jr.,Randall Leath Jr,college_stats
Randy Miller Jr.,Randy Miller Jr,college_stats
"Randy Miller, Jr.",Randy Miller Jr,college_stats
Rantavious GIlbert,Rantavious Gilbert,college_stats
Raphael Mcdonald,Raphael McDonald,college_stats
Rashad  Hassan,Rashad Hassan,college_stats
Ray Bowles Jr.,Ray Bowles Jr,college_stats
Ray Jones Jr.,Ray Jones Jr,college_stats
RayJ Dennis,Rayj Dennis,college_stats
RayQuawndis Mitchell,Rayquawndis Mitchell,college_stats
RaySean Scott Jr.,Raysean Scott Jr,college_stats
Raymond Bethea Jr.,Raymond Bethea Jr,college_stats
Raymond Cowels III,Raymond Cowels Iii,college_stats
Reggie Britton Jr.,Reggie Britton Jr,college_stats
Reggie Cameron II,Reggie Cameron Ii,college_stats
Reggie Gardner Jr.,Reggie Gardner Jr,college_stats
Reggie Theus Jr.,Reggie Theus Jr,college_stats
Reggie Upshaw Jr.,Reggie Upshaw Jr,college_stats
Rex Baxter Jr.,Rex Baxter Jr,college_stats
Rex Walters Jr.,Rex Walters Jr,college_stats
Ria'n Holland,Ria'N Holland,college_stats
"Ricardo Hill, Jr.",Ricardo Hill Jr,college_stats
Richard Caldwell Jr.,Richard Caldwell Jr,college_stats
Richard Feagin Jr.,Richard Feagin Jr,college_stats
Richard Longrus Jr.,Richard Longrus Jr,college_stats
Richard Rivers Jr.,Richard Rivers Jr,college_stats
Richard Romeo III,Richard Romeo Iii,college_stats
Rickey Brice Jr.,Rickey Brice Jr,college_stats
Ricky Bolton Jr.,Ricky Bolton Jr,college_stats
Ricky Council II,Ricky Council Ii,college_stats
Ricky Council IV,Ricky Council Iv,college_stats
Ricky Lindo Jr.,Ricky Lindo Jr,college_stats
Ricky Tarrant Jr.,Ricky Tarrant Jr,college_stats
Riley LaChance,Riley Lachance,college_stats
Rob Blissitt Jr.,Rob Blissitt Jr,college_stats
Rob Gray Jr.,Rob Gray Jr,college_stats
Rob Howard Jr.,Rob Howard Jr,college_stats
Rob McClain Jr.,Rob McClain Jr,college_stats
Rob Peterson III,Rob Peterson Iii,college_stats
Robert Carter Jr.,Robert Carter Jr,college_stats
Robert Flint Jr.,Robert Flint Jr,college_stats
Robert Ford III,Robert Ford Iii,college_stats
Robert Hubbs III,Robert Hubbs Iii,college_stats
Robert Jones III,Robert Jones Iii,college_stats
Robert Kelly Jr.,Robert Kelly Jr,college_stats
Robert Thomas III,Robert Thomas Iii,college_stats
Robert Woodard II,Robert Woodard Ii,college_stats
Rod Johnson Jr.,Rod Johnson Jr,college_stats
Rod Mcreynolds,Rod McReynolds,college_stats
Rod Mills Jr.,Rod Mills Jr,college_stats
Roderick Pearson Jr.,Roderick Pearson Jr,college_stats
"Roderick Pearson, Jr.",Roderick Pearson Jr,college_stats
Roderick Taylor Jr.,Roderick Taylor Jr,college_stats
Rodney Carson Jr.,Rodney Carson Jr,college_stats
Rodney Haddix II,Rodney Haddix Ii,college_stats
Rodney Henderson Jr.,Rodney Henderson Jr,college_stats
Rodney Miller Jr.,Rodney Miller Jr,college_stats
Rodney Williams Jr.,Rodney Williams Jr,college_stats
Rodrigo P. DaSilva,Rodrigo P Dasilva,college_stats
Roge'r Guignard,Roge'R Guignard,college_stats
Roger Moute a Bidias,Roger Moute A Bidias,college_stats
Ron Anderson Jr.,Ron Anderson Jr,college_stats
Ron Artest III,Ron Artest Iii,college_stats
Ron Harper Jr.,Ron Harper Jr,college_stats
Ronald Strother Jr.,Ronald Strother Jr,college_stats
"Ronald Strother, Jr.",Ronald Strother Jr,college_stats
Ronnie Boyce III,Ronnie Boyce Iii,college_stats
Ronnie DeGray III,Ronnie Degray Iii,college_stats
Ronnie Harrell Jr.,Ronnie Harrell Jr,college_stats
Ronnie Rousseau III,Ronnie Rousseau Iii,college_stats
Roy Dixon III,Roy Dixon Iii,college_stats
Roy Hinson III,Roy Hinson Iii,college_stats
Royce Hamm Jr.,Royce Hamm Jr,college_stats
Rudy Fitzgibbons III,Rudy Fitzgibbons Iii,college_stats
Russ DeRemer,Russ Deremer,college_stats
Russell Jones Jr.,Russell Jones Jr,college_stats
Ryan LeGates,Ryan Legates,college_stats
S. Tolson-Ford,S Tolson-Ford,college_stats
SK Shittu,Sk Shittu,college_stats
Sa'eed Nelson,Sa'Eed Nelson,college_stats
Sam Cassell Jr.,Sam Cassell Jr,college_stats
Sam DeVault,Sam Devault,college_stats
Sam Dower Jr.,Sam Dower Jr,college_stats
Sam Hines Jr.,Sam Hines Jr,college_stats
Sam de Haas,Sam De Haas,college_stats
Sam'i Roe,Sam'I Roe,college_stats
Sama'zha Hart,Sama'Zha Hart,college_stats
Sammy Friday IV,Sammy Friday Iv,college_stats
Samone Nelson Jr.,Samone Nelson Jr,college_stats
Sandy Cohen III,Sandy Cohen Iii,college_stats
"Sandy Cohen, III",Sandy Cohen Iii,college_stats
Scott Plaisance Jr.,Scott Plaisance Jr,college_stats
Scott VanderMeer,Scott Vandermeer,college_stats
Scotty Pippen Jr.,Scotty Pippen Jr,college_stats
Sean East II,Sean East Ii,college_stats
Sean Lloyd Jr.,Sean Lloyd Jr,college_stats
Sean Tuohy Jr.,Sean Tuohy Jr,college_stats
Serrel Smith Jr.,Serrel Smith Jr,college_stats
Seth LeDay,Seth Leday,college_stats
Seth VanDeest,Seth Vandeest,college_stats
Setric Millner Jr.,Setric Millner Jr,college_stats
Sha'markus Kennedy,Sha'Markus Kennedy,college_stats
ShanQuan Hemphill,Shanquan Hemphill,college_stats
Shannon Evans II,Shannon Evans Ii,college_stats
Sharone Wright Jr.,Sharone Wright Jr,college_stats
"Shavar Reynolds, Jr.",Shavar Reynolds Jr,college_stats
Shawn Amiker Jr.,Shawn Amiker Jr,college_stats
Shawn Kemp Jr.,Shawn Kemp Jr,college_stats
"Shawn Kemp, Jr.",Shawn Kemp Jr,college_stats
Shawn Walker Jr.,Shawn Walker Jr,college_stats
ShawnDre' Jones,Shawndre' Jones,college_stats
Shay'rone Jett,Shay'Rone Jett,college_stats
Sherwyn Devonish-Prince Jr.,Sherwyn Devonish-Prince Jr,college_stats
Shizz Alston Jr.,Shizz Alston Jr,college_stats
"Shizz Alston, Jr.",Shizz Alston Jr,college_stats
Sidy N'dir,Sidy N'Dir,college_stats
Spencer deMars,Spencer Demars,college_stats
Stacey Poole Jr.,Stacey Poole Jr,college_stats
Stacy Beckton Jr.,Stacy Beckton Jr,college_stats
Stanley Henderson Jr.,Stanley Henderson Jr,college_stats
"Stanley Roberts, Jr.",Stanley Roberts Jr,college_stats
Stephen Thompson Jr.,Stephen Thompson Jr,college_stats
Stephen Zimmerman Jr.,Stephen Zimmerman Jr,college_stats
Steve Martin Jr.,Steve Martin Jr,college_stats
"Steve Rogers, Jr.",Steve Rogers Jr,college_stats
Steve Settle III,Steve Settle Iii,college_stats
Steve Taylor Jr.,Steve Taylor Jr,college_stats
"Steve Taylor, Jr.",Steve Taylor Jr,college_stats
Steve Wooten Jr.,Steve Wooten Jr,college_stats
Steven Haney Jr.,Steven Haney Jr,college_stats
"Steven Haney, Jr.",Steven Haney Jr,college_stats
Steven Verplancken Jr.,Steven Verplancken Jr,college_stats
Stokley Chaffee Jr.,Stokley Chaffee Jr,college_stats
T. Vazquez-Simmons,T Vazquez-Simmons,college_stats
T.J. Atwood,Tj Atwood,college_stats
T.J. Benson,Tj Benson,college_stats
T.J. Berger,Tj Berger,college_stats
T.J. Berry,Tj Berry,college_stats
T.J. Bickerstaff,Tj Bickerstaff,college_stats
T.J. Bray,Tj Bray,college_stats
T.J. Buchanan,Tj Buchanan,college_stats
T.J. Campbell,Tj Campbell,college_stats
T.J. Carpenter,Tj Carpenter,college_stats
T.J. Cline,Tj Cline,college_stats
T.J. Cromer,Tj Cromer,college_stats
T.J. Curry,Tj Curry,college_stats
T.J. Czeski,Tj Czeski,college_stats
T.J. DiLeo,Tj Dileo,college_stats
T.J. Diop,Tj Diop,college_stats
T.J. Distefano,Tj Distefano,college_stats
T.J. Douglas,Tj Douglas,college_stats
T.J. Dunans,Tj Dunans,college_stats
T.J. Franklin,Tj Franklin,college_stats
T.J. Gibbs,Tj Gibbs,college_stats
T.J. Granger,Tj Granger,college_stats
T.J. Gray,Tj Gray,college_stats
T.J. Gwynn,Tj Gwynn,college_stats
T.J. Hall,Tj Hall,college_stats
T.J. Hallice,Tj Hallice,college_stats
T.J. Henderson,Tj Henderson,college_stats
T.J. Johnson,Tj Johnson,college_stats
T.J. Lang,Tj Lang,college_stats
T.J. Lindsay,Tj Lindsay,college_stats
T.J. Marion,Tj Marion,college_stats
T.J. Maston,Tj Maston,college_stats
T.J. McConnell,Tj McConnell,college_stats
T.J. Moss,Tj Moss,college_stats
T.J. Price,Tj Price,college_stats
T.J. Rice,Tj Rice,college_stats
T.J. Riley,Tj Riley,college_stats
T.J. Robinson,Tj Robinson,college_stats
T.J. Sapp,Tj Sapp,college_stats
T.J. Sayre,Tj Sayre,college_stats
T.J. Schlundt,Tj Schlundt,college_stats
T.J. Shipes,Tj Shipes,college_stats
T.J. Smith,Tj Smith,college_stats
T.J. Starks,Tj Starks,college_stats
T.J. Taylor,Tj Taylor,college_stats
T.J. Thomas,Tj Thomas,college_stats
T.J. Topercer,Tj Topercer,college_stats
T.J. Traylor,Tj Traylor,college_stats
T.J. Wallace,Tj Wallace,college_stats
T.J. Warren,Tj Warren,college_stats
T.J. Weeks,Tj Weeks,college_stats
T.J. Williams,Tj Williams,college_stats
T.J. Worley,Tj Worley,college_stats
T.K. Hayes,Tk Hayes,college_stats
T.K. Smith,Tk Smith,college_stats
T.T. Carey,Tt Carey,college_stats
TJ Bamba,Tj Bamba,college_stats
TJ Bell,Tj Bell,college_stats
TJ Burke,Tj Burke,college_stats
TJ Clifford,Tj Clifford,college_stats
TJ Haws,Tj Haws,college_stats
TJ Holyfield,Tj Holyfield,college_stats
TJ Lang,Tj Lang,college_stats
TJ Leaf,Tj Leaf,college_stats
TJ Massenburg,Tj Massenburg,college_stats
TJ Moss,Tj Moss,college_stats
TJ Nagy,Tj Nagy,college_stats
TJ Parham,Tj Parham,college_stats
TJ Shorts II,Tj Shorts Ii,college_stats
TJ Starks,Tj Starks,college_stats
TJ Taylor,Tj Taylor,college_stats
TJ Washington,Tj Washington,college_stats
TK Edogi,Tk Edogi,college_stats
Ta'lon Cooper,Ta'Lon Cooper,college_stats
TaShawn Thomas,Tashawn Thomas,college_stats
Taron Oliver Jr.,Taron Oliver Jr,college_stats
Tate de Laveaga,Tate De Laveaga,college_stats
TayVaughn Major,Tayvaughn Major,college_stats
Taylor  Rohde,Taylor Rohde,college_stats
TeAllen Price,Teallen Price,college_stats
TeMarcus Blanton,Temarcus Blanton,college_stats
Tedaro France III,Tedaro France Iii,college_stats
Terence Lewis II,Terence Lewis Ii,college_stats
Terence Porter Jr.,Terence Porter Jr,college_stats
Terrance LeFlore,Terrance Leflore,college_stats
Terrance Williams II,Terrance Williams Ii,college_stats
Terrel de Rouen,Terrel De Rouen,college_stats
Terrell Ard Jr.,Terrell Ard Jr,college_stats
Terrell Brown Jr.,Terrell Brown Jr,college_stats
Terrell Carter II,Terrell Carter Ii,college_stats
Terrell Curtis II,Terrell Curtis Ii,college_stats
Terrell Miller Jr.,Terrell Miller Jr,college_stats
"Terrell Miller, Jr.",Terrell Miller Jr,college_stats
Terrell Williams Jr.,Terrell Williams Jr,college_stats
Terrence Hargrove Jr.,Terrence Hargrove Jr,college_stats
Terrence Shannon Jr.,Terrence Shannon Jr,college_stats
"Terrence Shannon, Jr.",Terrence Shannon Jr,college_stats
Terry Ellis Jr.,Terry Ellis Jr,college_stats
Terry Harris Jr.,Terry Harris Jr,college_stats
Terry Nolan Jr.,Terry Nolan Jr,college_stats
Terry Winn III,Terry Winn Iii,college_stats
Thaddeus Handley Jr.,Thaddeus Handley Jr,college_stats
Thai're Vance,Thai'Re Vance,college_stats
Therrell Gosier II,Therrell Gosier Ii,college_stats
Thomas Huerter Jr.,Thomas Huerter Jr,college_stats
"Thomas Huerter, Jr.",Thomas Huerter Jr,college_stats
Thomas de Thaey,Thomas De Thaey,college_stats
Thomas van der Mars,Thomas Van Der Mars,college_stats
Tim Branin II,Tim Branin Ii,college_stats
Tim Hardaway Jr.,Tim Hardaway Jr,college_stats
Tim Holland Jr.,Tim Holland Jr,college_stats
Tim Perry Jr.,Tim Perry Jr,college_stats
Tj DiLeo,Tj Dileo,college_stats
"Tobias Howard, Jr.",Tobias Howard Jr,college_stats
Tommy Hamilton IV,Tommy Hamilton Iv,college_stats
Tony Johnson Jr.,Tony Johnson Jr,college_stats
Tony Kimbro Jr.,Tony Kimbro Jr,college_stats
Tony Sanders Jr.,Tony Sanders Jr,college_stats
Tony Watson II,Tony Watson Ii,college_stats
Tony White Jr.,Tony White Jr,college_stats
Tra'von Joseph,Tra'Von Joseph,college_stats
Tracy Ham Jr.,Tracy Ham Jr,college_stats
Tracy Hector Jr.,Tracy Hector Jr,college_stats
Travis Fields Jr.,Travis Fields Jr,college_stats
"Travis Fields, Jr.",Travis Fields Jr,college_stats
Travon Broadway Jr.,Travon Broadway Jr,college_stats
Tray Boyd III,Tray Boyd Iii,college_stats
Tray Maddox Jr.,Tray Maddox Jr,college_stats
TrayVonn Wright,Trayvonn Wright,college_stats
Tre Mckeithen,Tre McKeithen,college_stats
Tre'lun Banks,Tre'Lun Banks,college_stats
TreVaughn Wilkerson,Trevaughn Wilkerson,college_stats
Trent Hudgens Jr.,Trent Hudgens Jr,college_stats
Trent VanHorn,Trent Vanhorn,college_stats
Trevon Gross Jr.,Trevon Gross Jr,college_stats
Trey Knight III,Trey Knight Iii,college_stats
Trey Murphy III,Trey Murphy Iii,college_stats
Trey Washington III,Trey Washington Iii,college_stats
Tristan da Silva,Tristan Da Silva,college_stats
Troy Baxter Jr.,Troy Baxter Jr,college_stats
Troy Holston Jr.,Troy Holston Jr,college_stats
Ty Cockfield II,Ty Cockfield Ii,college_stats
Ty Taylor II,Ty Taylor Ii,college_stats
Ty'Shaun Mccollum,Ty'Shaun McCollum,college_stats
Ty'lik Evans,Ty'Lik Evans,college_stats
TyQuane Goard,Tyquane Goard,college_stats
TyQuayion Smith,Tyquayion Smith,college_stats
TyQuaylon Smith,Tyquaylon Smith,college_stats
TySean Powell,Tysean Powell,college_stats
TyShwan Edmondson,Tyshwan Edmondson,college_stats
Tyler DeChalus,Tyler Dechalus,college_stats
Tyler DeNIKE,Tyler Denike,college_stats
Tyran de Lattibeaudiere,Tyran De Lattibeaudiere,college_stats
Tyrone Nesby IV,Tyrone Nesby Iv,college_stats
Tyshawn  Taylor,Tyshawn Taylor,college_stats
UC Iroegbu,Uc Iroegbu,college_stats
V.J. Beachem,Vj Beachem,college_stats
V.J. Holmes,Vj Holmes,college_stats
V.J. King,Vj King,college_stats
Vance Jackson Jr.,Vance Jackson Jr,college_stats
Verdell Jones III,Verdell Jones Iii,college_stats
Vernon Carey Jr.,Vernon Carey Jr,college_stats
Vernon Lowndes Jr.,Vernon Lowndes Jr,college_stats
Victor Bailey Jr.,Victor Bailey Jr,college_stats
Viko Noma'aea,Viko Noma'Aea,college_stats
Vin Baker Jr.,Vin Baker Jr,college_stats
Vince Williams Jr.,Vince Williams Jr,college_stats
Viont'e Daniels,Viont'E Daniels,college_stats
VonCameron Davis,Voncameron Davis,college_stats
Wade Baldwin IV,Wade Baldwin Iv,college_stats
Walt Lemon Jr.,Walt Lemon Jr,college_stats
Walter Jones Jr.,Walter Jones Jr,college_stats
Warren Flood Jr.,Warren Flood Jr,college_stats
Waseem Ali Jr.,Waseem Ali Jr,college_stats
Wayne Bristol Jr.,Wayne Bristol Jr,college_stats
Wayne Selden Jr.,Wayne Selden Jr,college_stats
Wayne Simon II,Wayne Simon Ii,college_stats
Wendell Carter Jr.,Wendell Carter Jr,college_stats
Wendell Green Jr.,Wendell Green Jr,college_stats
Wendell Moore Jr.,Wendell Moore Jr,college_stats
Wes VanBeck,Wes Vanbeck,college_stats
Will Davis II,Will Davis Ii,college_stats
Will DiIorio,Will Diiorio,college_stats
Will Gates Jr.,Will Gates Jr,college_stats
William Eddie III,William Eddie Iii,college_stats
William FitzPatrick,William Fitzpatrick,college_stats
William Gates Jr.,William Gates Jr,college_stats
"William Gates, Jr.",William Gates Jr,college_stats
William Jackson II,William Jackson Ii,college_stats
William Jeffress Jr.,William Jeffress Jr,college_stats
Willie Carmichael III,Willie Carmichael Iii,college_stats
Willie Mangum IV,Willie Mangum Iv,college_stats
Willie Powers III,Willie Powers Iii,college_stats
Willy Nunez Jr.,Willy Nunez Jr,college_stats
"Willy Nunez, Jr.",Willy Nunez Jr,college_stats
Winston Grays III,Winston Grays Iii,college_stats
Xavier  Perkins,Xavier Perkins,college_stats
Xavier DuSell,Xavier Dusell,college_stats
Xavier McDaniel Jr.,Xavier McDaniel Jr,college_stats
YaYa Anderson,Yaya Anderson,college_stats
Yolonzo Moore II,Yolonzo Moore Ii,college_stats
YonDarius Johnson,Yondarius Johnson,college_stats
Z. Mason,Z Mason,college_stats
ZaQwaun Matthews,Zaqwaun Matthews,college_stats
Zac DiSalvo,Zac Disalvo,college_stats
Zach LaVine,Zach Lavine,college_stats
Zach LeDay,Zach Leday,college_stats
Zach Norvell Jr.,Zach Norvell Jr,college_stats
Zieyik EstimĂ¨,Zieyik Estim,college_stats
Zoran Talley Jr.,Zoran Talley Jr,college_stats
